,Type,Duration(ms)
0,Conv_Forward,1.6787
1,BNTraining_Forward,1.1338199999999998
2,Relu,0.5268200000000001
3,Conv_Forward,2.1310400000000005
4,BNTraining_Forward,1.13712
5,Relu,0.51146
6,Conv_Forward,2.99316
7,BatchNormV3,1.9109800000000001
8,Relu,1.06662
9,MaxPool_Forward,5.91006
10,Conv_Forward,0.9913799999999999
11,BNTraining_Forward,0.76246
12,Relu,0.29162
13,Conv_Forward,2.8800599999999994
14,BNTraining_Forward,1.7806799999999998
15,Relu,0.73888
16,MaxPool_Forward,4.346940000000001
17,Conv_Forward,0.34503999999999996
18,BNTraining_Forward,0.19451999999999997
19,Relu,0.02014
20,Conv_Forward,0.3847400000000001
21,BNTraining_Forward,0.15580000000000002
22,Relu,0.01704
23,Conv_Forward,0.38432000000000005
24,BNTraining_Forward,0.18402
25,Relu,0.02014
26,Conv_Forward,0.40623999999999993
27,BNTraining_Forward,0.18494
28,Relu,0.02038
29,Conv_Forward,0.26856
30,BNTraining_Forward,0.26274000000000003
31,Relu,0.027239999999999997
32,Conv_Forward,0.35656
33,BNTraining_Forward,0.265
34,Relu,0.027559999999999998
35,AvgPool_Forward,0.9786200000000002
36,Conv_Forward,0.1762
37,BNTraining_Forward,0.11294
38,Relu,0.01292
39,ConcatD,0.34314
40,Conv_Forward,0.49232000000000004
41,BNTraining_Forward,0.18492000000000003
42,Relu,0.02042
43,Conv_Forward,0.5162
44,BNTraining_Forward,0.16038
45,Relu,0.01668
46,Conv_Forward,0.38416
47,BNTraining_Forward,0.18266
48,Relu,0.020399999999999998
49,Conv_Forward,0.6023600000000001
50,BNTraining_Forward,0.18424000000000001
51,Relu,0.02026
52,Conv_Forward,0.265
53,BNTraining_Forward,0.26366
54,Relu,0.02702
55,Conv_Forward,0.35872000000000004
56,BNTraining_Forward,0.26316
57,Relu,0.02718
58,AvgPool_Forward,1.3431399999999998
59,Conv_Forward,0.53528
60,BNTraining_Forward,0.18574000000000002
61,Relu,0.020079999999999997
62,ConcatD,0.30913999999999997
63,Conv_Forward,0.56826
64,BNTraining_Forward,0.18372
65,Relu,0.02014
66,Conv_Forward,0.5617399999999999
67,BNTraining_Forward,0.15419999999999998
68,Relu,0.0166
69,Conv_Forward,0.38362000000000007
70,BNTraining_Forward,0.183
71,Relu,0.0201
72,Conv_Forward,0.6380200000000001
73,BNTraining_Forward,0.18422
74,Relu,0.01968
75,Conv_Forward,0.26512
76,BNTraining_Forward,0.26322
77,Relu,0.02886
78,Conv_Forward,0.35794
79,BNTraining_Forward,0.26452
80,Relu,0.027280000000000002
81,AvgPool_Forward,1.4929
82,Conv_Forward,0.5902000000000001
83,BNTraining_Forward,0.18466
84,Relu,0.019760000000000003
85,ConcatD,0.30644
86,Conv_Forward,1.4480000000000002
87,BNTraining_Forward,0.27276
88,Relu,0.02644
89,Conv_Forward,0.62312
90,BNTraining_Forward,0.18469999999999998
91,Relu,0.020399999999999998
92,Conv_Forward,0.26621999999999996
93,BNTraining_Forward,0.27242
94,Relu,0.02748
95,Conv_Forward,0.172
96,BNTraining_Forward,0.1013
97,Relu,0.0109
98,MaxPool_Forward,2.04042
99,ConcatD,0.14006
100,Conv_Forward,0.5369200000000001
101,BNTraining_Forward,0.16138
102,Relu,0.016079999999999997
103,Conv_Forward,0.46908000000000005
104,BNTraining_Forward,0.121
105,Relu,0.01316
106,Conv_Forward,0.19963999999999998
107,BNTraining_Forward,0.11603999999999999
108,Relu,0.012580000000000001
109,Conv_Forward,0.2684
110,BNTraining_Forward,0.15878
111,Relu,0.015960000000000002
112,Conv_Forward,0.46630000000000005
113,BNTraining_Forward,0.12312
114,Relu,0.01242
115,Conv_Forward,0.20096
116,BNTraining_Forward,0.11847999999999999
117,Relu,0.012240000000000001
118,Conv_Forward,0.20348
119,BNTraining_Forward,0.11675999999999999
120,Relu,0.01252
121,Conv_Forward,0.20044
122,BNTraining_Forward,0.11716
123,Relu,0.01282
124,Conv_Forward,0.26286000000000004
125,BNTraining_Forward,0.16007999999999997
126,Relu,0.016399999999999998
127,AvgPool_Forward,0.86978
128,Conv_Forward,0.49305999999999994
129,BNTraining_Forward,0.16060000000000002
130,Relu,0.0162
131,ConcatD,0.24653999999999998
132,Conv_Forward,0.5416799999999999
133,BNTraining_Forward,0.16122
134,Relu,0.016120000000000002
135,Conv_Forward,0.8653000000000001
136,BNTraining_Forward,0.1357
137,Relu,0.01416
138,Conv_Forward,0.28254
139,BNTraining_Forward,0.13313999999999998
140,Relu,0.01468
141,Conv_Forward,0.31292000000000003
142,BNTraining_Forward,0.15869999999999998
143,Relu,0.01616
144,Conv_Forward,0.87234
145,BNTraining_Forward,0.13534
146,Relu,0.013900000000000001
147,Conv_Forward,0.28614
148,BNTraining_Forward,0.1362
149,Relu,0.01388
150,Conv_Forward,0.28414
151,BNTraining_Forward,0.13777999999999999
152,Relu,0.014320000000000001
153,Conv_Forward,0.29236
154,BNTraining_Forward,0.13439999999999996
155,Relu,0.01474
156,Conv_Forward,0.30866
157,BNTraining_Forward,0.15866
158,Relu,0.016
159,AvgPool_Forward,0.87046
160,Conv_Forward,0.48938000000000004
161,BNTraining_Forward,0.16182
162,Relu,0.01622
163,ConcatD,0.24246
164,Conv_Forward,0.5403000000000001
165,BNTraining_Forward,0.16324
166,Relu,0.016120000000000002
167,Conv_Forward,0.8695
168,BNTraining_Forward,0.13388
169,Relu,0.014199999999999999
170,Conv_Forward,0.2858
171,BNTraining_Forward,0.13454000000000002
172,Relu,0.013900000000000001
173,Conv_Forward,0.31272000000000005
174,BNTraining_Forward,0.1596
175,Relu,0.01576
176,Conv_Forward,0.87624
177,BNTraining_Forward,0.13494
178,Relu,0.014240000000000001
179,Conv_Forward,0.28714
180,BNTraining_Forward,0.13278
181,Relu,0.01458
182,Conv_Forward,0.28656
183,BNTraining_Forward,0.13616
184,Relu,0.01396
185,Conv_Forward,0.29309999999999997
186,BNTraining_Forward,0.13352
187,Relu,0.01384
188,Conv_Forward,0.30936
189,BNTraining_Forward,0.16044
190,Relu,0.016120000000000002
191,AvgPool_Forward,0.86778
192,Conv_Forward,0.49164
193,BNTraining_Forward,0.162
194,Relu,0.01614
195,ConcatD,0.24366
196,Conv_Forward,0.54398
197,BNTraining_Forward,0.16019999999999998
198,Relu,0.01614
199,Conv_Forward,0.68462
200,BNTraining_Forward,0.15998
201,Relu,0.016579999999999998
202,Conv_Forward,0.35470000000000007
203,BNTraining_Forward,0.16462000000000002
204,Relu,0.016300000000000002
205,Conv_Forward,0.35761999999999994
206,BNTraining_Forward,0.15930000000000002
207,Relu,0.015880000000000002
208,Conv_Forward,0.6914600000000002
209,BNTraining_Forward,0.1615
210,Relu,0.01662
211,Conv_Forward,0.35868000000000005
212,BNTraining_Forward,0.15932
213,Relu,0.016300000000000002
214,Conv_Forward,0.35381999999999997
215,BNTraining_Forward,0.15860000000000002
216,Relu,0.01616
217,Conv_Forward,0.36466
218,BNTraining_Forward,0.15990000000000001
219,Relu,0.01582
220,Conv_Forward,0.35652
221,BNTraining_Forward,0.15972
222,Relu,0.01604
223,AvgPool_Forward,0.86454
224,Conv_Forward,0.49338
225,BNTraining_Forward,0.16025999999999999
226,Relu,0.01632
227,ConcatD,0.24736000000000002
228,Conv_Forward,0.5424000000000001
229,BNTraining_Forward,0.16128
230,Relu,0.01604
231,Conv_Forward,0.23712
232,BNTraining_Forward,0.099
233,Relu,0.0096
234,Conv_Forward,0.6726599999999999
235,BNTraining_Forward,0.1616
236,Relu,0.01622
237,Conv_Forward,0.35404
238,BNTraining_Forward,0.16107999999999997
239,Relu,0.01598
240,Conv_Forward,0.36116
241,BNTraining_Forward,0.16156
242,Relu,0.01622
243,Conv_Forward,0.18703999999999998
244,BNTraining_Forward,0.07778
245,Relu,0.008199999999999999
246,MaxPool_Forward,1.36246
247,ConcatD,0.03712
248,Conv_Forward,0.19794
249,BNTraining_Forward,0.0997
250,Relu,0.00968
251,Conv_Forward,0.21472
252,BNTraining_Forward,0.11297999999999998
253,Relu,0.01028
254,Conv_Forward,0.2026
255,BNTraining_Forward,0.11106
256,Relu,0.010320000000000001
257,Conv_Forward,0.20006000000000002
258,BNTraining_Forward,0.11042
259,Relu,0.01034
260,ConcatD,0.02376
261,Conv_Forward,0.25742000000000004
262,BNTraining_Forward,0.12092000000000001
263,Relu,0.01122
264,Conv_Forward,0.48388000000000003
265,BNTraining_Forward,0.11170000000000001
266,Relu,0.01028
267,Conv_Forward,0.20148000000000002
268,BNTraining_Forward,0.11194
269,Relu,0.01046
270,Conv_Forward,0.19907999999999998
271,BNTraining_Forward,0.11288
272,Relu,0.01024
273,ConcatD,0.02072
274,AvgPool_Forward,0.5054
275,Conv_Forward,0.14386000000000002
276,BNTraining_Forward,0.07859999999999999
277,Relu,0.00828
278,ConcatD,0.12290000000000001
279,Conv_Forward,0.28204
280,BNTraining_Forward,0.09884
281,Relu,0.009640000000000001
282,Conv_Forward,0.30786
283,BNTraining_Forward,0.11164
284,Relu,0.01018
285,Conv_Forward,0.20162
286,BNTraining_Forward,0.11026
287,Relu,0.010539999999999999
288,Conv_Forward,0.20060000000000003
289,BNTraining_Forward,0.11273999999999999
290,Relu,0.01036
291,ConcatD,0.027960000000000002
292,Conv_Forward,0.39106
293,BNTraining_Forward,0.12147999999999999
294,Relu,0.01106
295,Conv_Forward,0.48382
296,BNTraining_Forward,0.11130000000000001
297,Relu,0.01038
298,Conv_Forward,0.19972000000000004
299,BNTraining_Forward,0.11209999999999999
300,Relu,0.0101
301,Conv_Forward,0.20084000000000002
302,BNTraining_Forward,0.11206
303,Relu,0.01044
304,ConcatD,0.02188
305,AvgPool_Forward,0.7932400000000001
306,Conv_Forward,0.20711999999999997
307,BNTraining_Forward,0.07918
308,Relu,0.0083
309,ConcatD,0.16438
310,ReduceMean,0.05736
311,Dropout_Forward,0.012960000000000001
312,MatMulV2,0.03542
313,MakeLoss,0.07002000000000001
314,MatMulV2,0.03222
315,MatMulV2,0.03106
316,ReduceSum,0.01314
317,DropOutDoMask,0.00908
318,Fill,0.045520000000000005
319,Mul,0.054939999999999996
320,Slice,0.0095
321,ReluGrad,0.01852
322,A_BNTrainingUpdateGrad,0.07953999999999999
323,A_BNTrainingReduceGrad,0.06078
324,Conv2DBackpropInput,0.35618
325,Conv2DBackpropFilter,0.11962
326,AvgPool2d_Backward,1.3054400000000002
327,Slice,0.0296
328,ReluGrad,0.02844
329,A_BNTrainingUpdateGrad,0.06522
330,A_BNTrainingReduceGrad,0.107
331,Conv2DBackpropInput,0.27588
332,Conv2DBackpropFilter,0.13662
333,Slice,0.02126
334,ReluGrad,0.03066
335,A_BNTrainingUpdateGrad,0.06956
336,A_BNTrainingReduceGrad,0.10576
337,Conv2DBackpropInput,0.26568
338,Conv2DBackpropFilter,0.13686
339,Add,0.01316
340,ReluGrad,0.01868
341,A_BNTrainingUpdateGrad,0.07171999999999999
342,A_BNTrainingReduceGrad,0.1052
343,Conv2DBackpropInput,0.66164
344,Conv2DBackpropFilter,0.31817999999999996
345,ReluGrad,0.02034
346,A_BNTrainingUpdateGrad,0.07312
347,A_BNTrainingReduceGrad,0.11978
348,Conv2DBackpropInput,0.57636
349,Conv2DBackpropFilter,0.20725999999999997
350,Add,0.18862
351,Slice,0.02546
352,ReluGrad,0.02946
353,A_BNTrainingUpdateGrad,0.0683
354,A_BNTrainingReduceGrad,0.10790000000000001
355,Conv2DBackpropInput,0.27052000000000004
356,Conv2DBackpropFilter,0.13552
357,Slice,0.022019999999999998
358,ReluGrad,0.02776
359,A_BNTrainingUpdateGrad,0.0675
360,A_BNTrainingReduceGrad,0.10532
361,Conv2DBackpropInput,0.26503999999999994
362,Conv2DBackpropFilter,0.13796
363,Add,0.01314
364,ReluGrad,0.01878
365,A_BNTrainingUpdateGrad,0.06642
366,A_BNTrainingReduceGrad,0.10565999999999999
367,Conv2DBackpropInput,0.5214399999999999
368,Conv2DBackpropFilter,0.1766
369,Add,0.18875999999999998
370,Slice,0.0219
371,ReluGrad,0.027579999999999997
372,A_BNTrainingUpdateGrad,0.05818000000000001
373,A_BNTrainingReduceGrad,0.08924
374,Conv2DBackpropInput,0.47382
375,Conv2DBackpropFilter,0.19094
376,Add,0.18954
377,Slice,0.0115
378,ReluGrad,0.01816
379,A_BNTrainingUpdateGrad,0.0777
380,A_BNTrainingReduceGrad,0.060899999999999996
381,Conv2DBackpropInput,0.21980000000000002
382,Conv2DBackpropFilter,0.07937999999999999
383,AvgPool2d_Backward,0.81906
384,Slice,0.0322
385,ReluGrad,0.032920000000000005
386,A_BNTrainingUpdateGrad,0.06667999999999999
387,A_BNTrainingReduceGrad,0.10690000000000001
388,Conv2DBackpropInput,0.2725
389,Conv2DBackpropFilter,0.13644
390,Slice,0.02392
391,ReluGrad,0.029079999999999998
392,A_BNTrainingUpdateGrad,0.07246
393,A_BNTrainingReduceGrad,0.10574
394,Conv2DBackpropInput,0.26528
395,Conv2DBackpropFilter,0.14245999999999998
396,Add,0.013380000000000001
397,ReluGrad,0.0185
398,A_BNTrainingUpdateGrad,0.07144
399,A_BNTrainingReduceGrad,0.10558
400,Conv2DBackpropInput,0.66116
401,Conv2DBackpropFilter,0.32198000000000004
402,ReluGrad,0.02106
403,A_BNTrainingUpdateGrad,0.07442
404,A_BNTrainingReduceGrad,0.11932
405,Conv2DBackpropInput,0.34508
406,Conv2DBackpropFilter,0.13756000000000002
407,Add,0.07122
408,Slice,0.03268
409,ReluGrad,0.03504
410,A_BNTrainingUpdateGrad,0.06786
411,A_BNTrainingReduceGrad,0.10679999999999999
412,Conv2DBackpropInput,0.26909999999999995
413,Conv2DBackpropFilter,0.13678
414,Slice,0.02076
415,ReluGrad,0.026920000000000003
416,A_BNTrainingUpdateGrad,0.06684
417,A_BNTrainingReduceGrad,0.10532
418,Conv2DBackpropInput,0.26688
419,Conv2DBackpropFilter,0.13738
420,Add,0.01316
421,ReluGrad,0.018539999999999997
422,A_BNTrainingUpdateGrad,0.06934
423,A_BNTrainingReduceGrad,0.10604000000000001
424,Conv2DBackpropInput,0.28652
425,Conv2DBackpropFilter,0.1159
426,Add,0.07138
427,Slice,0.0232
428,ReluGrad,0.030440000000000002
429,A_BNTrainingUpdateGrad,0.0617
430,A_BNTrainingReduceGrad,0.0889
431,Conv2DBackpropInput,0.26926
432,Conv2DBackpropFilter,0.10990000000000001
433,Add,0.0634
434,Slice,0.01756
435,MaxPoolGradWithArgmaxV1,1.7244799999999998
436,Slice,0.01738
437,ReluGrad,0.02048
438,A_BNTrainingUpdateGrad,0.07756
439,A_BNTrainingReduceGrad,0.0613
440,Conv2DBackpropInput,0.44506
441,Conv2DBackpropFilter,0.11574
442,ReluGrad,0.03114
443,A_BNTrainingUpdateGrad,0.17794
444,A_BNTrainingReduceGrad,0.12947999999999998
445,Conv2DBackpropInput,0.46355999999999997
446,Conv2DBackpropFilter,0.27736
447,ReluGrad,0.029079999999999998
448,A_BNTrainingUpdateGrad,0.17854000000000003
449,A_BNTrainingReduceGrad,0.13062
450,Conv2DBackpropInput,0.45222
451,Conv2DBackpropFilter,0.27240000000000003
452,ReluGrad,0.02984
453,A_BNTrainingUpdateGrad,0.17558
454,A_BNTrainingReduceGrad,0.1298
455,Conv2DBackpropInput,0.7007000000000001
456,Conv2DBackpropFilter,0.29419999999999996
457,Add,0.28918
458,Slice,0.02122
459,ReluGrad,0.02536
460,A_BNTrainingUpdateGrad,0.058699999999999995
461,A_BNTrainingReduceGrad,0.08884
462,Conv2DBackpropInput,0.6113800000000001
463,Conv2DBackpropFilter,0.1573
464,ReluGrad,0.03172
465,A_BNTrainingUpdateGrad,0.17732
466,A_BNTrainingReduceGrad,0.12946000000000002
467,Conv2DBackpropInput,0.6914600000000001
468,Conv2DBackpropFilter,0.2931
469,Add,0.28564
470,Slice,0.02268
471,ReluGrad,0.056960000000000004
472,A_BNTrainingUpdateGrad,0.1793
473,A_BNTrainingReduceGrad,0.13096000000000002
474,Conv2DBackpropInput,0.69328
475,Conv2DBackpropFilter,0.29448
476,AvgPool2d_Backward,1.2597799999999997
477,Slice,0.05328
478,ReluGrad,0.06712
479,A_BNTrainingUpdateGrad,0.17782
480,A_BNTrainingReduceGrad,0.13056
481,Conv2DBackpropInput,0.46386
482,Conv2DBackpropFilter,0.2714
483,ReluGrad,0.02922
484,A_BNTrainingUpdateGrad,0.17701999999999998
485,A_BNTrainingReduceGrad,0.13062
486,Conv2DBackpropInput,0.47487999999999997
487,Conv2DBackpropFilter,0.27914
488,ReluGrad,0.0285
489,A_BNTrainingUpdateGrad,0.17944
490,A_BNTrainingReduceGrad,0.13113999999999998
491,Conv2DBackpropInput,0.47116
492,Conv2DBackpropFilter,0.2723
493,ReluGrad,0.02934
494,A_BNTrainingUpdateGrad,0.17814
495,A_BNTrainingReduceGrad,0.13069999999999998
496,Conv2DBackpropInput,0.47304
497,Conv2DBackpropFilter,0.27878
498,ReluGrad,0.02952
499,A_BNTrainingUpdateGrad,0.17962
500,A_BNTrainingReduceGrad,0.12969999999999998
501,Conv2DBackpropInput,0.6928200000000001
502,Conv2DBackpropFilter,0.29285999999999995
503,Add,0.28543999999999997
504,Slice,0.04758
505,ReluGrad,0.05982
506,A_BNTrainingUpdateGrad,0.18002
507,A_BNTrainingReduceGrad,0.13068000000000002
508,Conv2DBackpropInput,0.4612
509,Conv2DBackpropFilter,0.27674
510,ReluGrad,0.029920000000000002
511,A_BNTrainingUpdateGrad,0.17698000000000003
512,A_BNTrainingReduceGrad,0.12982
513,Conv2DBackpropInput,0.47192
514,Conv2DBackpropFilter,0.2806
515,ReluGrad,0.029079999999999998
516,A_BNTrainingUpdateGrad,0.18031999999999998
517,A_BNTrainingReduceGrad,0.13091999999999998
518,Conv2DBackpropInput,0.6876400000000001
519,Conv2DBackpropFilter,0.29438
520,Add,0.28564
521,Slice,0.047299999999999995
522,ReluGrad,0.0589
523,A_BNTrainingUpdateGrad,0.17767999999999998
524,A_BNTrainingReduceGrad,0.13116
525,Conv2DBackpropInput,0.68928
526,Conv2DBackpropFilter,0.29306
527,Add,0.28796
528,Slice,0.022359999999999998
529,ReluGrad,0.05644
530,A_BNTrainingUpdateGrad,0.17806
531,A_BNTrainingReduceGrad,0.13008
532,Conv2DBackpropInput,0.6932200000000001
533,Conv2DBackpropFilter,0.2926
534,AvgPool2d_Backward,1.2519200000000001
535,Slice,0.05276
536,ReluGrad,0.06606000000000001
537,A_BNTrainingUpdateGrad,0.178
538,A_BNTrainingReduceGrad,0.13096000000000002
539,Conv2DBackpropInput,0.47562
540,Conv2DBackpropFilter,0.22061999999999998
541,ReluGrad,0.02754
542,A_BNTrainingUpdateGrad,0.15046
543,A_BNTrainingReduceGrad,0.11014
544,Conv2DBackpropInput,0.40972000000000003
545,Conv2DBackpropFilter,0.21559999999999999
546,ReluGrad,0.026260000000000002
547,A_BNTrainingUpdateGrad,0.15316000000000002
548,A_BNTrainingReduceGrad,0.11222
549,Conv2DBackpropInput,0.42069999999999996
550,Conv2DBackpropFilter,0.21674000000000002
551,ReluGrad,0.025920000000000002
552,A_BNTrainingUpdateGrad,0.15022
553,A_BNTrainingReduceGrad,0.11028
554,Conv2DBackpropInput,0.40886
555,Conv2DBackpropFilter,0.21558000000000002
556,ReluGrad,0.02578
557,A_BNTrainingUpdateGrad,0.15206
558,A_BNTrainingReduceGrad,0.11108
559,Conv2DBackpropInput,0.68986
560,Conv2DBackpropFilter,0.24481999999999998
561,Add,0.28434
562,Slice,0.048240000000000005
563,ReluGrad,0.05738
564,A_BNTrainingUpdateGrad,0.17930000000000001
565,A_BNTrainingReduceGrad,0.13108
566,Conv2DBackpropInput,0.47352000000000005
567,Conv2DBackpropFilter,0.22121999999999997
568,ReluGrad,0.02652
569,A_BNTrainingUpdateGrad,0.14934
570,A_BNTrainingReduceGrad,0.11073999999999999
571,Conv2DBackpropInput,0.40938
572,Conv2DBackpropFilter,0.21408
573,ReluGrad,0.02618
574,A_BNTrainingUpdateGrad,0.15108
575,A_BNTrainingReduceGrad,0.11244
576,Conv2DBackpropInput,0.68382
577,Conv2DBackpropFilter,0.24632000000000004
578,Add,0.28388
579,Slice,0.0487
580,ReluGrad,0.0571
581,A_BNTrainingUpdateGrad,0.17665999999999998
582,A_BNTrainingReduceGrad,0.131
583,Conv2DBackpropInput,0.6976
584,Conv2DBackpropFilter,0.29364
585,Add,0.2833
586,Slice,0.02262
587,ReluGrad,0.056100000000000004
588,A_BNTrainingUpdateGrad,0.17920000000000003
589,A_BNTrainingReduceGrad,0.13062
590,Conv2DBackpropInput,0.6987000000000001
591,Conv2DBackpropFilter,0.29014000000000006
592,AvgPool2d_Backward,1.2558599999999998
593,Slice,0.0544
594,ReluGrad,0.06642
595,A_BNTrainingUpdateGrad,0.17818
596,A_BNTrainingReduceGrad,0.13040000000000002
597,Conv2DBackpropInput,0.47717999999999994
598,Conv2DBackpropFilter,0.21982
599,ReluGrad,0.02634
600,A_BNTrainingUpdateGrad,0.15130000000000002
601,A_BNTrainingReduceGrad,0.11008
602,Conv2DBackpropInput,0.41312
603,Conv2DBackpropFilter,0.21484
604,ReluGrad,0.02604
605,A_BNTrainingUpdateGrad,0.14868
606,A_BNTrainingReduceGrad,0.11137999999999999
607,Conv2DBackpropInput,0.4065599999999999
608,Conv2DBackpropFilter,0.21593999999999997
609,ReluGrad,0.02644
610,A_BNTrainingUpdateGrad,0.15130000000000002
611,A_BNTrainingReduceGrad,0.10984000000000001
612,Conv2DBackpropInput,0.4233199999999999
613,Conv2DBackpropFilter,0.21488
614,ReluGrad,0.0256
615,A_BNTrainingUpdateGrad,0.15173999999999999
616,A_BNTrainingReduceGrad,0.11106
617,Conv2DBackpropInput,0.6874600000000001
618,Conv2DBackpropFilter,0.2486
619,Add,0.2866
620,Slice,0.048479999999999995
621,ReluGrad,0.0567
622,A_BNTrainingUpdateGrad,0.1784
623,A_BNTrainingReduceGrad,0.13134
624,Conv2DBackpropInput,0.47208
625,Conv2DBackpropFilter,0.22188000000000002
626,ReluGrad,0.026699999999999998
627,A_BNTrainingUpdateGrad,0.14866
628,A_BNTrainingReduceGrad,0.11009999999999999
629,Conv2DBackpropInput,0.41112
630,Conv2DBackpropFilter,0.21512
631,ReluGrad,0.02652
632,A_BNTrainingUpdateGrad,0.15104
633,A_BNTrainingReduceGrad,0.11102
634,Conv2DBackpropInput,0.6903599999999999
635,Conv2DBackpropFilter,0.24702000000000002
636,Add,0.28906
637,Slice,0.04846
638,ReluGrad,0.05682
639,A_BNTrainingUpdateGrad,0.1796
640,A_BNTrainingReduceGrad,0.13036
641,Conv2DBackpropInput,0.6964199999999999
642,Conv2DBackpropFilter,0.2948
643,Add,0.28326
644,Slice,0.02256
645,ReluGrad,0.05706
646,A_BNTrainingUpdateGrad,0.17672
647,A_BNTrainingReduceGrad,0.13058
648,Conv2DBackpropInput,0.69502
649,Conv2DBackpropFilter,0.2925
650,AvgPool2d_Backward,1.2604399999999998
651,Slice,0.054240000000000003
652,ReluGrad,0.06644
653,A_BNTrainingUpdateGrad,0.18044
654,A_BNTrainingReduceGrad,0.13072
655,Conv2DBackpropInput,0.32264
656,Conv2DBackpropFilter,0.21533999999999998
657,ReluGrad,0.022879999999999998
658,A_BNTrainingUpdateGrad,0.15244
659,A_BNTrainingReduceGrad,0.09294
660,Conv2DBackpropInput,0.25156
661,Conv2DBackpropFilter,0.14896
662,ReluGrad,0.02208
663,A_BNTrainingUpdateGrad,0.15456
664,A_BNTrainingReduceGrad,0.09228
665,Conv2DBackpropInput,0.24633999999999998
666,Conv2DBackpropFilter,0.14883999999999997
667,ReluGrad,0.023219999999999998
668,A_BNTrainingUpdateGrad,0.15522000000000002
669,A_BNTrainingReduceGrad,0.09373999999999999
670,Conv2DBackpropInput,0.25818
671,Conv2DBackpropFilter,0.14926000000000003
672,ReluGrad,0.02274
673,A_BNTrainingUpdateGrad,0.15366000000000002
674,A_BNTrainingReduceGrad,0.0927
675,Conv2DBackpropInput,0.6407999999999999
676,Conv2DBackpropFilter,0.21009999999999998
677,Add,0.29104
678,Slice,0.052899999999999996
679,ReluGrad,0.056240000000000005
680,A_BNTrainingUpdateGrad,0.17951999999999999
681,A_BNTrainingReduceGrad,0.13126
682,Conv2DBackpropInput,0.3236800000000001
683,Conv2DBackpropFilter,0.21747999999999998
684,ReluGrad,0.02314
685,A_BNTrainingUpdateGrad,0.15148000000000003
686,A_BNTrainingReduceGrad,0.09345999999999999
687,Conv2DBackpropInput,0.25122
688,Conv2DBackpropFilter,0.1487
689,ReluGrad,0.0232
690,A_BNTrainingUpdateGrad,0.15488
691,A_BNTrainingReduceGrad,0.09265999999999999
692,Conv2DBackpropInput,0.6376400000000001
693,Conv2DBackpropFilter,0.21024
694,Add,0.29076
695,Slice,0.05078
696,ReluGrad,0.05866
697,A_BNTrainingUpdateGrad,0.17682
698,A_BNTrainingReduceGrad,0.13176
699,Conv2DBackpropInput,0.6968199999999999
700,Conv2DBackpropFilter,0.29469999999999996
701,Add,0.28952
702,Slice,0.03534
703,MaxPoolGradWithArgmaxV1,1.73568
704,Slice,0.0263
705,ReluGrad,0.03228
706,A_BNTrainingUpdateGrad,0.10593999999999999
707,A_BNTrainingReduceGrad,0.07372
708,Conv2DBackpropInput,0.50324
709,Conv2DBackpropFilter,0.15094
710,ReluGrad,0.11406000000000001
711,A_BNTrainingUpdateGrad,0.22516
712,A_BNTrainingReduceGrad,0.30538
713,Conv2DBackpropInput,0.4137
714,Conv2DBackpropFilter,0.3307
715,ReluGrad,0.10662
716,A_BNTrainingUpdateGrad,0.1605
717,A_BNTrainingReduceGrad,0.20508
718,Conv2DBackpropInput,0.8090799999999999
719,Conv2DBackpropFilter,0.33026
720,Add,0.39492
721,Slice,0.09606
722,ReluGrad,0.10718000000000001
723,A_BNTrainingUpdateGrad,0.2463
724,A_BNTrainingReduceGrad,0.24934
725,Conv2DBackpropInput,4.2648
726,Conv2DBackpropFilter,0.92532
727,Add,0.38526
728,Slice,0.046020000000000005
729,ReluGrad,0.07665999999999999
730,A_BNTrainingUpdateGrad,0.16054
731,A_BNTrainingReduceGrad,0.19408
732,Conv2DBackpropInput,0.8205399999999999
733,Conv2DBackpropFilter,0.3332399999999999
734,AvgPool2d_Backward,1.48586
735,Slice,0.09966
736,ReluGrad,0.12122
737,A_BNTrainingUpdateGrad,0.2213
738,A_BNTrainingReduceGrad,0.28622000000000003
739,Conv2DBackpropInput,0.5578800000000002
740,Conv2DBackpropFilter,0.43338000000000004
741,ReluGrad,0.18364
742,A_BNTrainingUpdateGrad,0.22364
743,A_BNTrainingReduceGrad,0.32516
744,Conv2DBackpropInput,0.4076
745,Conv2DBackpropFilter,0.33227999999999996
746,ReluGrad,0.08372
747,A_BNTrainingUpdateGrad,0.15940000000000001
748,A_BNTrainingReduceGrad,0.20556
749,Conv2DBackpropInput,0.8165
750,Conv2DBackpropFilter,0.33388
751,Add,0.3943
752,Slice,0.06781999999999999
753,ReluGrad,0.07515999999999999
754,A_BNTrainingUpdateGrad,0.1628
755,A_BNTrainingReduceGrad,0.19066
756,Conv2DBackpropInput,0.47676
757,Conv2DBackpropFilter,0.42678
758,ReluGrad,0.030420000000000003
759,A_BNTrainingUpdateGrad,0.13429999999999997
760,A_BNTrainingReduceGrad,0.14764
761,Conv2DBackpropInput,0.8107
762,Conv2DBackpropFilter,0.2948
763,Add,0.40622
764,Slice,0.06734
765,ReluGrad,0.0768
766,A_BNTrainingUpdateGrad,0.16522
767,A_BNTrainingReduceGrad,0.19175999999999999
768,Conv2DBackpropInput,0.8182
769,Conv2DBackpropFilter,0.33454
770,Add,0.39542
771,Slice,0.045079999999999995
772,ReluGrad,0.07524
773,A_BNTrainingUpdateGrad,0.15782000000000002
774,A_BNTrainingReduceGrad,0.19258
775,Conv2DBackpropInput,0.69652
776,Conv2DBackpropFilter,0.295
777,AvgPool2d_Backward,1.321
778,Slice,0.1072
779,ReluGrad,0.11612
780,A_BNTrainingUpdateGrad,0.22678
781,A_BNTrainingReduceGrad,0.28354
782,Conv2DBackpropInput,0.55798
783,Conv2DBackpropFilter,0.43236
784,ReluGrad,0.1835
785,A_BNTrainingUpdateGrad,0.22482
786,A_BNTrainingReduceGrad,0.32144
787,Conv2DBackpropInput,0.40472
788,Conv2DBackpropFilter,0.32839999999999997
789,ReluGrad,0.10792
790,A_BNTrainingUpdateGrad,0.15986
791,A_BNTrainingReduceGrad,0.19988
792,Conv2DBackpropInput,0.69352
793,Conv2DBackpropFilter,0.29735999999999996
794,Add,0.35658
795,Slice,0.06988
796,ReluGrad,0.07778
797,A_BNTrainingUpdateGrad,0.1565
798,A_BNTrainingReduceGrad,0.19106
799,Conv2DBackpropInput,0.47594
800,Conv2DBackpropFilter,0.42798
801,ReluGrad,0.030699999999999998
802,A_BNTrainingUpdateGrad,0.13046000000000002
803,A_BNTrainingReduceGrad,0.14698
804,Conv2DBackpropInput,0.7005399999999999
805,Conv2DBackpropFilter,0.25644
806,Add,0.36884
807,Slice,0.06864
808,ReluGrad,0.07696
809,A_BNTrainingUpdateGrad,0.15946000000000002
810,A_BNTrainingReduceGrad,0.19175999999999999
811,Conv2DBackpropInput,0.6995399999999999
812,Conv2DBackpropFilter,0.2985
813,Add,0.35598
814,Slice,0.02156
815,ReluGrad,0.04254
816,A_BNTrainingUpdateGrad,0.09580000000000001
817,A_BNTrainingReduceGrad,0.1009
818,Conv2DBackpropInput,0.49188
819,Conv2DBackpropFilter,0.15994
820,AvgPool2d_Backward,0.9871599999999998
821,Slice,0.11696
822,ReluGrad,0.12334
823,A_BNTrainingUpdateGrad,0.22198
824,A_BNTrainingReduceGrad,0.2848
825,Conv2DBackpropInput,0.56336
826,Conv2DBackpropFilter,0.43432
827,ReluGrad,0.18331999999999998
828,A_BNTrainingUpdateGrad,0.22344
829,A_BNTrainingReduceGrad,0.32138
830,Conv2DBackpropInput,0.40512
831,Conv2DBackpropFilter,0.33285999999999993
832,ReluGrad,0.10698
833,A_BNTrainingUpdateGrad,0.16166
834,A_BNTrainingReduceGrad,0.19988
835,Conv2DBackpropInput,0.5164
836,Conv2DBackpropFilter,0.22577999999999998
837,Add,0.28328
838,Slice,0.06766
839,ReluGrad,0.07586
840,A_BNTrainingUpdateGrad,0.16038
841,A_BNTrainingReduceGrad,0.19463999999999998
842,Conv2DBackpropInput,0.47476
843,Conv2DBackpropFilter,0.42616
844,ReluGrad,0.03004
845,A_BNTrainingUpdateGrad,0.12902000000000002
846,A_BNTrainingReduceGrad,0.14787999999999998
847,Conv2DBackpropInput,0.5210199999999999
848,Conv2DBackpropFilter,0.19256
849,Add,0.29044
850,Slice,0.06931999999999999
851,ReluGrad,0.07637999999999999
852,A_BNTrainingUpdateGrad,0.15884
853,A_BNTrainingReduceGrad,0.19246000000000002
854,Conv2DBackpropInput,0.5208400000000001
855,Conv2DBackpropFilter,0.22818
856,Add,0.2839
857,MaxPoolGradWithArgmaxV1,5.65268
858,ReluGrad,1.3276
859,A_BNTrainingUpdateGrad,1.85846
860,A_BNTrainingReduceGrad,2.03138
861,Conv2DBackpropInput,3.6707400000000003
862,Conv2DBackpropFilter,2.6533399999999996
863,ReluGrad,0.5041
864,A_BNTrainingUpdateGrad,0.8140799999999999
865,A_BNTrainingReduceGrad,0.85568
866,Conv2DBackpropInput,1.29752
867,Conv2DBackpropFilter,0.8384799999999999
868,MaxPoolGradWithArgmaxV1,6.449200000000001
869,ReluGrad,1.8833199999999999
870,A_BNTrainingUpdateGrad,2.4383399999999997
871,A_BNTrainingReduceGrad,2.42624
872,Conv2DBackpropInput,3.99182
873,Conv2DBackpropFilter,2.6463
874,ReluGrad,0.8514400000000001
875,A_BNTrainingUpdateGrad,1.23462
876,A_BNTrainingReduceGrad,1.19346
877,Conv2DBackpropInput,2.68906
878,Conv2DBackpropFilter,1.8343200000000002
879,ReluGrad,0.88012
880,A_BNTrainingUpdateGrad,1.2455
881,A_BNTrainingReduceGrad,1.2154800000000001
882,Conv2DBackpropInput,9.999999999999999e-10
883,Conv2DBackpropFilter,1.33074
