,Type,Duration(us),Name
0,Conv_Forward,136.422,Conv_Forward
1,BNTraining_Forward,87.182,BNTraining_Forward
2,Relu,12.24,
3,MaxPool_Forward,220.46499999999997,MaxPool_Forward
4,Conv_Forward,43.48,Conv_Forward
5,BNTraining_Forward,74.582,BNTraining_Forward
6,Relu,7.78,
7,Conv_Forward,66.721,Conv_Forward
8,BNTraining_Forward,72.381,BNTraining_Forward
9,Relu,7.92,
10,Conv_Forward,67.76100000000001,Conv_Forward
11,BNTraining_Forward,134.983,BNTraining_Forward
12,Conv_Forward,68.062,Conv_Forward
13,BNTraining_Forward,137.32299999999998,BNTraining_Forward
14,Add,18.3,
15,Relu,13.26,
16,Conv_Forward,56.421,Conv_Forward
17,BNTraining_Forward,72.861,BNTraining_Forward
18,Relu,8.0,
19,Conv_Forward,66.64,Conv_Forward
20,BNTraining_Forward,72.262,BNTraining_Forward
21,Relu,7.86,
22,Conv_Forward,67.5,Conv_Forward
23,BNTraining_Forward,133.602,BNTraining_Forward
24,Add,15.4,
25,Relu,12.36,
26,Conv_Forward,55.68000000000001,Conv_Forward
27,BNTraining_Forward,75.522,BNTraining_Forward
28,Relu,7.84,
29,Conv_Forward,62.379999999999995,Conv_Forward
30,BNTraining_Forward,72.48,BNTraining_Forward
31,Relu,7.88,
32,Conv_Forward,66.381,Conv_Forward
33,BNTraining_Forward,133.962,BNTraining_Forward
34,Add,15.66,
35,Relu,11.98,
36,Conv_Forward,68.981,Conv_Forward
37,BNTraining_Forward,100.543,BNTraining_Forward
38,Relu,9.3,
39,Conv_Forward,107.12099999999998,Conv_Forward
40,BNTraining_Forward,88.882,BNTraining_Forward
41,Relu,7.76,
42,Conv_Forward,96.843,Conv_Forward
43,BNTraining_Forward,267.105,BNTraining_Forward
44,Conv_Forward,135.023,Conv_Forward
45,BNTraining_Forward,267.505,BNTraining_Forward
46,Add,13.02,
47,Relu,9.24,
48,Conv_Forward,86.862,Conv_Forward
49,BNTraining_Forward,89.90199999999999,BNTraining_Forward
50,Relu,7.4,
51,Conv_Forward,103.802,Conv_Forward
52,BNTraining_Forward,92.062,BNTraining_Forward
53,Relu,7.58,
54,Conv_Forward,91.64200000000001,Conv_Forward
55,BNTraining_Forward,279.245,BNTraining_Forward
56,Add,12.46,
57,Relu,9.2,
58,Conv_Forward,86.58200000000001,Conv_Forward
59,BNTraining_Forward,89.142,BNTraining_Forward
60,Relu,7.56,
61,Conv_Forward,103.96300000000001,Conv_Forward
62,BNTraining_Forward,94.982,BNTraining_Forward
63,Relu,7.54,
64,Conv_Forward,90.421,Conv_Forward
65,BNTraining_Forward,267.765,BNTraining_Forward
66,Add,12.76,
67,Relu,9.28,
68,Conv_Forward,85.821,Conv_Forward
69,BNTraining_Forward,89.342,BNTraining_Forward
70,Relu,7.44,
71,Conv_Forward,104.123,Conv_Forward
72,BNTraining_Forward,89.56200000000001,BNTraining_Forward
73,Relu,7.48,
74,Conv_Forward,92.042,Conv_Forward
75,BNTraining_Forward,268.805,BNTraining_Forward
76,Add,12.58,
77,Relu,9.46,
78,Conv_Forward,84.222,Conv_Forward
79,BNTraining_Forward,90.822,BNTraining_Forward
80,Relu,7.48,
81,Conv_Forward,102.642,Conv_Forward
82,BNTraining_Forward,89.122,BNTraining_Forward
83,Relu,7.5,
84,Conv_Forward,92.041,Conv_Forward
85,BNTraining_Forward,267.84499999999997,BNTraining_Forward
86,Add,12.34,
87,Relu,9.26,
88,Conv_Forward,86.04099999999998,Conv_Forward
89,BNTraining_Forward,89.52199999999999,BNTraining_Forward
90,Relu,7.48,
91,Conv_Forward,103.702,Conv_Forward
92,BNTraining_Forward,89.422,BNTraining_Forward
93,Relu,7.44,
94,Conv_Forward,91.84100000000001,Conv_Forward
95,BNTraining_Forward,268.365,BNTraining_Forward
96,Add,12.56,
97,Relu,9.22,
98,Conv_Forward,85.94200000000001,Conv_Forward
99,BNTraining_Forward,89.922,BNTraining_Forward
100,Relu,7.86,
101,Conv_Forward,103.661,Conv_Forward
102,BNTraining_Forward,91.202,BNTraining_Forward
103,Relu,7.58,
104,Conv_Forward,91.44099999999999,Conv_Forward
105,BNTraining_Forward,266.945,BNTraining_Forward
106,Add,15.601,
107,Relu,10.38,
108,Conv_Forward,85.863,Conv_Forward
109,BNTraining_Forward,89.342,BNTraining_Forward
110,Relu,7.54,
111,Conv_Forward,103.841,Conv_Forward
112,BNTraining_Forward,89.64099999999999,BNTraining_Forward
113,Relu,7.58,
114,Conv_Forward,92.061,Conv_Forward
115,BNTraining_Forward,267.546,BNTraining_Forward
116,Add,12.32,
117,Relu,9.28,
118,Conv_Forward,115.96199999999999,Conv_Forward
119,BNTraining_Forward,174.443,BNTraining_Forward
120,Relu,7.82,
121,Conv_Forward,259.445,Conv_Forward
122,BNTraining_Forward,142.743,BNTraining_Forward
123,Relu,7.12,
124,Conv_Forward,170.94299999999998,Conv_Forward
125,BNTraining_Forward,581.5509999999999,BNTraining_Forward
126,Conv_Forward,249.745,Conv_Forward
127,BNTraining_Forward,580.3309999999999,BNTraining_Forward
128,Add,9.78,
129,Relu,7.86,
130,Conv_Forward,169.46300000000002,Conv_Forward
131,BNTraining_Forward,142.643,BNTraining_Forward
132,Relu,7.1,
133,Conv_Forward,256.964,Conv_Forward
134,BNTraining_Forward,142.242,BNTraining_Forward
135,Relu,7.08,
136,Conv_Forward,163.743,Conv_Forward
137,BNTraining_Forward,580.251,BNTraining_Forward
138,Add,9.56,
139,Relu,7.76,
140,Conv_Forward,168.283,Conv_Forward
141,BNTraining_Forward,143.922,BNTraining_Forward
142,Relu,7.06,
143,Conv_Forward,255.945,Conv_Forward
144,BNTraining_Forward,142.602,BNTraining_Forward
145,Relu,7.26,
146,Conv_Forward,163.802,Conv_Forward
147,BNTraining_Forward,579.611,BNTraining_Forward
148,Add,9.52,
149,Relu,7.66,
150,Conv_Forward,169.103,Conv_Forward
151,BNTraining_Forward,142.642,BNTraining_Forward
152,Relu,7.1,
153,Conv_Forward,256.324,Conv_Forward
154,BNTraining_Forward,146.483,BNTraining_Forward
155,Relu,7.14,
156,Conv_Forward,170.924,Conv_Forward
157,BNTraining_Forward,580.931,BNTraining_Forward
158,Add,9.64,
159,Relu,7.8,
160,Conv_Forward,170.02399999999997,Conv_Forward
161,BNTraining_Forward,142.402,BNTraining_Forward
162,Relu,7.22,
163,Conv_Forward,254.80599999999998,Conv_Forward
164,BNTraining_Forward,145.28300000000002,BNTraining_Forward
165,Relu,7.44,
166,Conv_Forward,163.704,Conv_Forward
167,BNTraining_Forward,591.6310000000001,BNTraining_Forward
168,Add,9.56,
169,Relu,7.86,
170,Conv_Forward,167.843,Conv_Forward
171,BNTraining_Forward,142.34199999999998,BNTraining_Forward
172,Relu,7.12,
173,Conv_Forward,259.606,Conv_Forward
174,BNTraining_Forward,142.023,BNTraining_Forward
175,Relu,7.08,
176,Conv_Forward,163.34300000000002,Conv_Forward
177,BNTraining_Forward,581.1510000000001,BNTraining_Forward
178,Add,9.78,
179,Relu,7.92,
180,Conv_Forward,168.86400000000003,Conv_Forward
181,BNTraining_Forward,141.66199999999998,BNTraining_Forward
182,Relu,8.18,
183,Conv_Forward,256.366,Conv_Forward
184,BNTraining_Forward,143.62300000000002,BNTraining_Forward
185,Relu,7.3,
186,Conv_Forward,162.52300000000002,Conv_Forward
187,BNTraining_Forward,580.6510000000001,BNTraining_Forward
188,Add,9.74,
189,Relu,7.98,
190,Conv_Forward,169.264,Conv_Forward
191,BNTraining_Forward,144.682,BNTraining_Forward
192,Relu,7.2,
193,Conv_Forward,256.625,Conv_Forward
194,BNTraining_Forward,142.14300000000003,BNTraining_Forward
195,Relu,7.08,
196,Conv_Forward,163.562,Conv_Forward
197,BNTraining_Forward,580.471,BNTraining_Forward
198,Add,9.64,
199,Relu,7.92,
200,Conv_Forward,170.083,Conv_Forward
201,BNTraining_Forward,143.16199999999998,BNTraining_Forward
202,Relu,7.1,
203,Conv_Forward,257.34499999999997,Conv_Forward
204,BNTraining_Forward,143.043,BNTraining_Forward
205,Relu,7.06,
206,Conv_Forward,163.923,Conv_Forward
207,BNTraining_Forward,580.631,BNTraining_Forward
208,Add,9.8,
209,Relu,7.76,
210,Conv_Forward,170.263,Conv_Forward
211,BNTraining_Forward,142.083,BNTraining_Forward
212,Relu,7.44,
213,Conv_Forward,257.185,Conv_Forward
214,BNTraining_Forward,142.482,BNTraining_Forward
215,Relu,7.16,
216,Conv_Forward,163.944,Conv_Forward
217,BNTraining_Forward,586.4110000000001,BNTraining_Forward
218,Add,12.32,
219,Relu,9.92,
220,Conv_Forward,169.863,Conv_Forward
221,BNTraining_Forward,142.662,BNTraining_Forward
222,Relu,7.06,
223,Conv_Forward,256.825,Conv_Forward
224,BNTraining_Forward,142.662,BNTraining_Forward
225,Relu,7.2,
226,Conv_Forward,165.283,Conv_Forward
227,BNTraining_Forward,580.1510000000001,BNTraining_Forward
228,Add,9.68,
229,Relu,7.78,
230,Conv_Forward,168.784,Conv_Forward
231,BNTraining_Forward,142.74200000000002,BNTraining_Forward
232,Relu,7.08,
233,Conv_Forward,257.725,Conv_Forward
234,BNTraining_Forward,142.703,BNTraining_Forward
235,Relu,8.44,
236,Conv_Forward,164.364,Conv_Forward
237,BNTraining_Forward,581.111,BNTraining_Forward
238,Add,9.68,
239,Relu,7.72,
240,Conv_Forward,169.863,Conv_Forward
241,BNTraining_Forward,142.502,BNTraining_Forward
242,Relu,7.08,
243,Conv_Forward,254.584,Conv_Forward
244,BNTraining_Forward,141.882,BNTraining_Forward
245,Relu,7.12,
246,Conv_Forward,165.00300000000001,Conv_Forward
247,BNTraining_Forward,580.052,BNTraining_Forward
248,Add,9.66,
249,Relu,7.74,
250,Conv_Forward,168.403,Conv_Forward
251,BNTraining_Forward,142.322,BNTraining_Forward
252,Relu,7.08,
253,Conv_Forward,257.784,Conv_Forward
254,BNTraining_Forward,142.18200000000002,BNTraining_Forward
255,Relu,7.12,
256,Conv_Forward,163.42399999999998,Conv_Forward
257,BNTraining_Forward,581.711,BNTraining_Forward
258,Add,9.64,
259,Relu,7.8,
260,Conv_Forward,168.823,Conv_Forward
261,BNTraining_Forward,143.003,BNTraining_Forward
262,Relu,7.28,
263,Conv_Forward,255.366,Conv_Forward
264,BNTraining_Forward,142.063,BNTraining_Forward
265,Relu,7.04,
266,Conv_Forward,164.603,Conv_Forward
267,BNTraining_Forward,580.692,BNTraining_Forward
268,Add,10.12,
269,Relu,7.62,
270,Conv_Forward,169.203,Conv_Forward
271,BNTraining_Forward,142.642,BNTraining_Forward
272,Relu,7.04,
273,Conv_Forward,257.985,Conv_Forward
274,BNTraining_Forward,142.582,BNTraining_Forward
275,Relu,7.08,
276,Conv_Forward,162.544,Conv_Forward
277,BNTraining_Forward,580.451,BNTraining_Forward
278,Add,9.64,
279,Relu,7.96,
280,Conv_Forward,169.24300000000002,Conv_Forward
281,BNTraining_Forward,142.18200000000002,BNTraining_Forward
282,Relu,7.08,
283,Conv_Forward,256.865,Conv_Forward
284,BNTraining_Forward,142.102,BNTraining_Forward
285,Relu,7.2,
286,Conv_Forward,164.80200000000002,Conv_Forward
287,BNTraining_Forward,580.832,BNTraining_Forward
288,Add,9.78,
289,Relu,8.0,
290,Conv_Forward,169.103,Conv_Forward
291,BNTraining_Forward,141.963,BNTraining_Forward
292,Relu,7.22,
293,Conv_Forward,257.40399999999994,Conv_Forward
294,BNTraining_Forward,142.742,BNTraining_Forward
295,Relu,7.1,
296,Conv_Forward,163.303,Conv_Forward
297,BNTraining_Forward,580.512,BNTraining_Forward
298,Add,9.6,
299,Relu,7.92,
300,Conv_Forward,168.603,Conv_Forward
301,BNTraining_Forward,142.28300000000002,BNTraining_Forward
302,Relu,7.08,
303,Conv_Forward,258.80600000000004,Conv_Forward
304,BNTraining_Forward,142.123,BNTraining_Forward
305,Relu,7.06,
306,Conv_Forward,164.003,Conv_Forward
307,BNTraining_Forward,585.191,BNTraining_Forward
308,Add,9.72,
309,Relu,7.82,
310,Conv_Forward,177.74399999999997,Conv_Forward
311,BNTraining_Forward,145.482,BNTraining_Forward
312,Relu,7.18,
313,Conv_Forward,264.00500000000005,Conv_Forward
314,BNTraining_Forward,142.423,BNTraining_Forward
315,Relu,7.14,
316,Conv_Forward,163.403,Conv_Forward
317,BNTraining_Forward,580.311,BNTraining_Forward
318,Add,9.74,
319,Relu,7.82,
320,Conv_Forward,167.823,Conv_Forward
321,BNTraining_Forward,142.802,BNTraining_Forward
322,Relu,6.98,
323,Conv_Forward,257.024,Conv_Forward
324,BNTraining_Forward,141.743,BNTraining_Forward
325,Relu,8.34,
326,Conv_Forward,163.583,Conv_Forward
327,BNTraining_Forward,580.1120000000001,BNTraining_Forward
328,Add,9.7,
329,Relu,7.74,
330,Conv_Forward,169.98299999999998,Conv_Forward
331,BNTraining_Forward,142.402,BNTraining_Forward
332,Relu,7.14,
333,Conv_Forward,257.245,Conv_Forward
334,BNTraining_Forward,142.943,BNTraining_Forward
335,Relu,7.28,
336,Conv_Forward,164.524,Conv_Forward
337,BNTraining_Forward,581.491,BNTraining_Forward
338,Add,9.58,
339,Relu,7.74,
340,Conv_Forward,168.903,Conv_Forward
341,BNTraining_Forward,142.222,BNTraining_Forward
342,Relu,8.22,
343,Conv_Forward,255.945,Conv_Forward
344,BNTraining_Forward,143.502,BNTraining_Forward
345,Relu,7.16,
346,Conv_Forward,163.963,Conv_Forward
347,BNTraining_Forward,580.8309999999999,BNTraining_Forward
348,Add,9.64,
349,Relu,7.76,
350,Conv_Forward,169.645,Conv_Forward
351,BNTraining_Forward,142.602,BNTraining_Forward
352,Relu,7.6,
353,Conv_Forward,258.025,Conv_Forward
354,BNTraining_Forward,141.642,BNTraining_Forward
355,Relu,7.26,
356,Conv_Forward,163.783,Conv_Forward
357,BNTraining_Forward,581.3309999999999,BNTraining_Forward
358,Add,9.7,
359,Relu,7.78,
360,Conv_Forward,169.00400000000002,Conv_Forward
361,BNTraining_Forward,142.28199999999998,BNTraining_Forward
362,Relu,7.24,
363,Conv_Forward,256.025,Conv_Forward
364,BNTraining_Forward,142.763,BNTraining_Forward
365,Relu,7.06,
366,Conv_Forward,164.484,Conv_Forward
367,BNTraining_Forward,580.8520000000001,BNTraining_Forward
368,Add,9.74,
369,Relu,7.88,
370,Conv_Forward,168.443,Conv_Forward
371,BNTraining_Forward,144.06300000000002,BNTraining_Forward
372,Relu,7.04,
373,Conv_Forward,254.90500000000003,Conv_Forward
374,BNTraining_Forward,141.96300000000002,BNTraining_Forward
375,Relu,7.12,
376,Conv_Forward,166.403,Conv_Forward
377,BNTraining_Forward,579.971,BNTraining_Forward
378,Add,10.04,
379,Relu,7.92,
380,Conv_Forward,169.344,Conv_Forward
381,BNTraining_Forward,143.442,BNTraining_Forward
382,Relu,7.04,
383,Conv_Forward,257.785,Conv_Forward
384,BNTraining_Forward,141.92200000000003,BNTraining_Forward
385,Relu,7.24,
386,Conv_Forward,163.624,Conv_Forward
387,BNTraining_Forward,580.851,BNTraining_Forward
388,Add,9.72,
389,Relu,7.94,
390,Conv_Forward,169.564,Conv_Forward
391,BNTraining_Forward,142.40300000000002,BNTraining_Forward
392,Relu,7.24,
393,Conv_Forward,258.866,Conv_Forward
394,BNTraining_Forward,142.382,BNTraining_Forward
395,Relu,8.3,
396,Conv_Forward,163.323,Conv_Forward
397,BNTraining_Forward,579.8910000000001,BNTraining_Forward
398,Add,9.62,
399,Relu,7.74,
400,Conv_Forward,170.02400000000003,Conv_Forward
401,BNTraining_Forward,141.902,BNTraining_Forward
402,Relu,7.08,
403,Conv_Forward,258.30400000000003,Conv_Forward
404,BNTraining_Forward,141.782,BNTraining_Forward
405,Relu,7.06,
406,Conv_Forward,163.643,Conv_Forward
407,BNTraining_Forward,580.431,BNTraining_Forward
408,Add,9.7,
409,Relu,7.8,
410,Conv_Forward,169.62300000000002,Conv_Forward
411,BNTraining_Forward,148.023,BNTraining_Forward
412,Relu,7.24,
413,Conv_Forward,255.547,Conv_Forward
414,BNTraining_Forward,141.983,BNTraining_Forward
415,Relu,7.12,
416,Conv_Forward,164.002,Conv_Forward
417,BNTraining_Forward,580.532,BNTraining_Forward
418,Add,9.68,
419,Relu,7.76,
420,Conv_Forward,170.34400000000002,Conv_Forward
421,BNTraining_Forward,145.623,BNTraining_Forward
422,Relu,7.06,
423,Conv_Forward,254.405,Conv_Forward
424,BNTraining_Forward,142.043,BNTraining_Forward
425,Relu,7.28,
426,Conv_Forward,164.364,Conv_Forward
427,BNTraining_Forward,580.6110000000001,BNTraining_Forward
428,Add,9.68,
429,Relu,7.68,
430,Conv_Forward,169.524,Conv_Forward
431,BNTraining_Forward,142.382,BNTraining_Forward
432,Relu,7.1,
433,Conv_Forward,258.245,Conv_Forward
434,BNTraining_Forward,142.28199999999998,BNTraining_Forward
435,Relu,7.12,
436,Conv_Forward,163.263,Conv_Forward
437,BNTraining_Forward,579.791,BNTraining_Forward
438,Add,9.64,
439,Relu,7.78,
440,Conv_Forward,168.16400000000002,Conv_Forward
441,BNTraining_Forward,142.482,BNTraining_Forward
442,Relu,7.1,
443,Conv_Forward,257.824,Conv_Forward
444,BNTraining_Forward,143.422,BNTraining_Forward
445,Relu,7.18,
446,Conv_Forward,164.924,Conv_Forward
447,BNTraining_Forward,580.432,BNTraining_Forward
448,Add,9.64,
449,Relu,7.62,
450,Conv_Forward,168.744,Conv_Forward
451,BNTraining_Forward,142.562,BNTraining_Forward
452,Relu,7.34,
453,Conv_Forward,257.364,Conv_Forward
454,BNTraining_Forward,142.44299999999998,BNTraining_Forward
455,Relu,7.18,
456,Conv_Forward,164.363,Conv_Forward
457,BNTraining_Forward,581.251,BNTraining_Forward
458,Add,9.68,
459,Relu,7.78,
460,Conv_Forward,169.56199999999998,Conv_Forward
461,BNTraining_Forward,143.242,BNTraining_Forward
462,Relu,7.18,
463,Conv_Forward,255.465,Conv_Forward
464,BNTraining_Forward,141.843,BNTraining_Forward
465,Relu,7.08,
466,Conv_Forward,165.22299999999998,Conv_Forward
467,BNTraining_Forward,580.252,BNTraining_Forward
468,Add,9.6,
469,Relu,7.84,
470,Conv_Forward,168.90400000000002,Conv_Forward
471,BNTraining_Forward,142.18200000000002,BNTraining_Forward
472,Relu,7.5,
473,Conv_Forward,255.485,Conv_Forward
474,BNTraining_Forward,147.822,BNTraining_Forward
475,Relu,7.1,
476,Conv_Forward,165.92299999999997,Conv_Forward
477,BNTraining_Forward,580.4110000000001,BNTraining_Forward
478,Add,9.58,
479,Relu,7.9,
480,Conv_Forward,250.684,Conv_Forward
481,BNTraining_Forward,346.12699999999995,BNTraining_Forward
482,Relu,7.56,
483,Conv_Forward,831.276,Conv_Forward
484,BNTraining_Forward,196.243,BNTraining_Forward
485,Relu,8.04,
486,Conv_Forward,345.467,Conv_Forward
487,BNTraining_Forward,192.50300000000001,BNTraining_Forward
488,Conv_Forward,682.773,Conv_Forward
489,BNTraining_Forward,200.76399999999998,BNTraining_Forward
490,Add,9.1,
491,Relu,7.46,
492,Conv_Forward,323.126,Conv_Forward
493,BNTraining_Forward,191.38299999999998,BNTraining_Forward
494,Relu,7.04,
495,Conv_Forward,800.036,Conv_Forward
496,BNTraining_Forward,197.803,BNTraining_Forward
497,Relu,7.0,
498,Conv_Forward,339.446,Conv_Forward
499,BNTraining_Forward,196.444,BNTraining_Forward
500,Add,8.54,
501,Relu,7.58,
502,Conv_Forward,322.826,Conv_Forward
503,BNTraining_Forward,194.04399999999998,BNTraining_Forward
504,Relu,6.94,
505,Conv_Forward,795.576,Conv_Forward
506,BNTraining_Forward,196.703,BNTraining_Forward
507,Relu,6.98,
508,Conv_Forward,335.08599999999996,Conv_Forward
509,BNTraining_Forward,194.263,BNTraining_Forward
510,Add,9.14,
511,Relu,7.56,
512,ReduceMean,11.66,
513,MatMulV2,8.18,
514,MakeLoss,73.06,MakeLoss
515,MatMulV2_dW,26.52,MatMulV2_dW
516,MatMulV2_dx,34.4,MatMulV2_dx
517,ReduceSum_db,23.18,ReduceSum_db
518,Fill,7.08,
519,Mul,9.0,
520,ReluGrad,11.74,
521,BNTrainingGrad,376.747,BNTrainingGrad
522,Conv2DBackpropInput,660.5319999999999,Conv2DBackpropInput
523,Conv2DBackpropFilter,245.844,Conv2DBackpropFilter
524,ReluGrad,9.1,
525,BNTrainingGrad,128.262,BNTrainingGrad
526,Conv2DBackpropInput,1653.3519999999999,Conv2DBackpropInput
527,Conv2DBackpropFilter,583.351,Conv2DBackpropFilter
528,ReluGrad,8.38,
529,BNTrainingGrad,129.402,BNTrainingGrad
530,Conv2DBackpropInput,716.4730000000001,Conv2DBackpropInput
531,Conv2DBackpropFilter,242.704,Conv2DBackpropFilter
532,Add,8.54,
533,ReluGrad,12.001,
534,BNTrainingGrad,374.807,BNTrainingGrad
535,Conv2DBackpropInput,653.3919999999999,Conv2DBackpropInput
536,Conv2DBackpropFilter,243.024,Conv2DBackpropFilter
537,ReluGrad,8.5,
538,BNTrainingGrad,129.282,BNTrainingGrad
539,Conv2DBackpropInput,1649.813,Conv2DBackpropInput
540,Conv2DBackpropFilter,568.671,Conv2DBackpropFilter
541,ReluGrad,8.34,
542,BNTrainingGrad,129.22199999999998,BNTrainingGrad
543,Conv2DBackpropInput,717.195,Conv2DBackpropInput
544,Conv2DBackpropFilter,244.00400000000002,Conv2DBackpropFilter
545,Add,9.56,
546,ReluGrad,11.92,
547,BNTrainingGrad,375.647,BNTrainingGrad
548,Conv2DBackpropInput,1564.5320000000002,Conv2DBackpropInput
549,Conv2DBackpropFilter,461.268,Conv2DBackpropFilter
550,BNTrainingGrad,378.347,BNTrainingGrad
551,Conv2DBackpropInput,653.7919999999999,Conv2DBackpropInput
552,Conv2DBackpropFilter,242.12400000000002,Conv2DBackpropFilter
553,ReluGrad,8.42,
554,BNTrainingGrad,128.622,BNTrainingGrad
555,Conv2DBackpropInput,1621.8730000000003,Conv2DBackpropInput
556,Conv2DBackpropFilter,575.772,Conv2DBackpropFilter
557,ReluGrad,12.42,
558,BNTrainingGrad,433.83,BNTrainingGrad
559,Conv2DBackpropInput,528.371,Conv2DBackpropInput
560,Conv2DBackpropFilter,171.664,Conv2DBackpropFilter
561,Add,9.54,
562,ReluGrad,13.92,
563,BNTrainingGrad,694.854,BNTrainingGrad
564,Conv2DBackpropInput,286.246,Conv2DBackpropInput
565,Conv2DBackpropFilter,130.08200000000002,Conv2DBackpropFilter
566,ReluGrad,8.66,
567,BNTrainingGrad,207.765,BNTrainingGrad
568,Conv2DBackpropInput,462.869,Conv2DBackpropInput
569,Conv2DBackpropFilter,141.623,Conv2DBackpropFilter
570,ReluGrad,9.14,
571,BNTrainingGrad,204.524,BNTrainingGrad
572,Conv2DBackpropInput,307.227,Conv2DBackpropInput
573,Conv2DBackpropFilter,99.40200000000002,Conv2DBackpropFilter
574,Add,9.56,
575,ReluGrad,13.92,
576,BNTrainingGrad,695.674,BNTrainingGrad
577,Conv2DBackpropInput,285.165,Conv2DBackpropInput
578,Conv2DBackpropFilter,123.60200000000002,Conv2DBackpropFilter
579,ReluGrad,8.58,
580,BNTrainingGrad,204.10399999999998,BNTrainingGrad
581,Conv2DBackpropInput,464.308,Conv2DBackpropInput
582,Conv2DBackpropFilter,143.482,Conv2DBackpropFilter
583,ReluGrad,8.48,
584,BNTrainingGrad,204.404,BNTrainingGrad
585,Conv2DBackpropInput,306.707,Conv2DBackpropInput
586,Conv2DBackpropFilter,97.801,Conv2DBackpropFilter
587,Add,9.52,
588,ReluGrad,14.3,
589,BNTrainingGrad,695.114,BNTrainingGrad
590,Conv2DBackpropInput,286.385,Conv2DBackpropInput
591,Conv2DBackpropFilter,124.78200000000001,Conv2DBackpropFilter
592,ReluGrad,14.28,
593,BNTrainingGrad,204.00400000000002,BNTrainingGrad
594,Conv2DBackpropInput,461.328,Conv2DBackpropInput
595,Conv2DBackpropFilter,142.103,Conv2DBackpropFilter
596,ReluGrad,8.46,
597,BNTrainingGrad,204.423,BNTrainingGrad
598,Conv2DBackpropInput,306.946,Conv2DBackpropInput
599,Conv2DBackpropFilter,96.902,Conv2DBackpropFilter
600,Add,9.48,
601,ReluGrad,13.86,
602,BNTrainingGrad,695.374,BNTrainingGrad
603,Conv2DBackpropInput,288.54600000000005,Conv2DBackpropInput
604,Conv2DBackpropFilter,125.742,Conv2DBackpropFilter
605,ReluGrad,8.56,
606,BNTrainingGrad,204.62400000000002,BNTrainingGrad
607,Conv2DBackpropInput,461.74800000000005,Conv2DBackpropInput
608,Conv2DBackpropFilter,141.563,Conv2DBackpropFilter
609,ReluGrad,8.5,
610,BNTrainingGrad,204.704,BNTrainingGrad
611,Conv2DBackpropInput,305.946,Conv2DBackpropInput
612,Conv2DBackpropFilter,96.941,Conv2DBackpropFilter
613,Add,9.64,
614,ReluGrad,13.98,
615,BNTrainingGrad,694.575,BNTrainingGrad
616,Conv2DBackpropInput,286.826,Conv2DBackpropInput
617,Conv2DBackpropFilter,125.882,Conv2DBackpropFilter
618,ReluGrad,8.6,
619,BNTrainingGrad,204.94299999999998,BNTrainingGrad
620,Conv2DBackpropInput,460.748,Conv2DBackpropInput
621,Conv2DBackpropFilter,141.882,Conv2DBackpropFilter
622,ReluGrad,8.44,
623,BNTrainingGrad,204.78300000000002,BNTrainingGrad
624,Conv2DBackpropInput,307.347,Conv2DBackpropInput
625,Conv2DBackpropFilter,99.18100000000001,Conv2DBackpropFilter
626,Add,9.56,
627,ReluGrad,13.16,
628,BNTrainingGrad,695.614,BNTrainingGrad
629,Conv2DBackpropInput,285.486,Conv2DBackpropInput
630,Conv2DBackpropFilter,124.382,Conv2DBackpropFilter
631,ReluGrad,9.42,
632,BNTrainingGrad,204.184,BNTrainingGrad
633,Conv2DBackpropInput,463.528,Conv2DBackpropInput
634,Conv2DBackpropFilter,143.84199999999998,Conv2DBackpropFilter
635,ReluGrad,8.68,
636,BNTrainingGrad,204.284,BNTrainingGrad
637,Conv2DBackpropInput,305.966,Conv2DBackpropInput
638,Conv2DBackpropFilter,98.06099999999999,Conv2DBackpropFilter
639,Add,12.42,
640,ReluGrad,14.06,
641,BNTrainingGrad,695.254,BNTrainingGrad
642,Conv2DBackpropInput,286.50699999999995,Conv2DBackpropInput
643,Conv2DBackpropFilter,122.922,Conv2DBackpropFilter
644,ReluGrad,8.58,
645,BNTrainingGrad,203.78300000000002,BNTrainingGrad
646,Conv2DBackpropInput,462.089,Conv2DBackpropInput
647,Conv2DBackpropFilter,143.98199999999997,Conv2DBackpropFilter
648,ReluGrad,8.52,
649,BNTrainingGrad,204.964,BNTrainingGrad
650,Conv2DBackpropInput,308.96500000000003,Conv2DBackpropInput
651,Conv2DBackpropFilter,104.481,Conv2DBackpropFilter
652,Add,9.46,
653,ReluGrad,13.84,
654,BNTrainingGrad,694.674,BNTrainingGrad
655,Conv2DBackpropInput,288.927,Conv2DBackpropInput
656,Conv2DBackpropFilter,125.742,Conv2DBackpropFilter
657,ReluGrad,8.58,
658,BNTrainingGrad,204.524,BNTrainingGrad
659,Conv2DBackpropInput,462.911,Conv2DBackpropInput
660,Conv2DBackpropFilter,142.88199999999998,Conv2DBackpropFilter
661,ReluGrad,8.5,
662,BNTrainingGrad,204.983,BNTrainingGrad
663,Conv2DBackpropInput,306.96500000000003,Conv2DBackpropInput
664,Conv2DBackpropFilter,97.021,Conv2DBackpropFilter
665,Add,9.56,
666,ReluGrad,13.7,
667,BNTrainingGrad,695.014,BNTrainingGrad
668,Conv2DBackpropInput,286.385,Conv2DBackpropInput
669,Conv2DBackpropFilter,125.80199999999999,Conv2DBackpropFilter
670,ReluGrad,8.66,
671,BNTrainingGrad,204.60399999999998,BNTrainingGrad
672,Conv2DBackpropInput,463.24800000000005,Conv2DBackpropInput
673,Conv2DBackpropFilter,141.843,Conv2DBackpropFilter
674,ReluGrad,8.42,
675,BNTrainingGrad,204.60399999999998,BNTrainingGrad
676,Conv2DBackpropInput,305.406,Conv2DBackpropInput
677,Conv2DBackpropFilter,99.14099999999999,Conv2DBackpropFilter
678,Add,9.48,
679,ReluGrad,13.96,
680,BNTrainingGrad,695.414,BNTrainingGrad
681,Conv2DBackpropInput,288.00600000000003,Conv2DBackpropInput
682,Conv2DBackpropFilter,124.822,Conv2DBackpropFilter
683,ReluGrad,8.6,
684,BNTrainingGrad,204.104,BNTrainingGrad
685,Conv2DBackpropInput,463.729,Conv2DBackpropInput
686,Conv2DBackpropFilter,141.86199999999997,Conv2DBackpropFilter
687,ReluGrad,8.54,
688,BNTrainingGrad,204.38400000000001,BNTrainingGrad
689,Conv2DBackpropInput,306.147,Conv2DBackpropInput
690,Conv2DBackpropFilter,96.281,Conv2DBackpropFilter
691,Add,9.52,
692,ReluGrad,14.0,
693,BNTrainingGrad,696.274,BNTrainingGrad
694,Conv2DBackpropInput,284.92500000000007,Conv2DBackpropInput
695,Conv2DBackpropFilter,123.38199999999999,Conv2DBackpropFilter
696,ReluGrad,8.6,
697,BNTrainingGrad,204.144,BNTrainingGrad
698,Conv2DBackpropInput,462.35,Conv2DBackpropInput
699,Conv2DBackpropFilter,142.483,Conv2DBackpropFilter
700,ReluGrad,8.54,
701,BNTrainingGrad,204.003,BNTrainingGrad
702,Conv2DBackpropInput,312.22700000000003,Conv2DBackpropInput
703,Conv2DBackpropFilter,97.281,Conv2DBackpropFilter
704,Add,9.62,
705,ReluGrad,13.84,
706,BNTrainingGrad,695.654,BNTrainingGrad
707,Conv2DBackpropInput,289.166,Conv2DBackpropInput
708,Conv2DBackpropFilter,124.48200000000001,Conv2DBackpropFilter
709,ReluGrad,8.7,
710,BNTrainingGrad,204.724,BNTrainingGrad
711,Conv2DBackpropInput,462.729,Conv2DBackpropInput
712,Conv2DBackpropFilter,142.662,Conv2DBackpropFilter
713,ReluGrad,8.46,
714,BNTrainingGrad,204.12400000000002,BNTrainingGrad
715,Conv2DBackpropInput,305.547,Conv2DBackpropInput
716,Conv2DBackpropFilter,98.441,Conv2DBackpropFilter
717,Add,9.54,
718,ReluGrad,14.16,
719,BNTrainingGrad,695.134,BNTrainingGrad
720,Conv2DBackpropInput,284.426,Conv2DBackpropInput
721,Conv2DBackpropFilter,124.14200000000001,Conv2DBackpropFilter
722,ReluGrad,8.64,
723,BNTrainingGrad,203.66400000000002,BNTrainingGrad
724,Conv2DBackpropInput,464.149,Conv2DBackpropInput
725,Conv2DBackpropFilter,142.383,Conv2DBackpropFilter
726,ReluGrad,8.44,
727,BNTrainingGrad,205.084,BNTrainingGrad
728,Conv2DBackpropInput,305.446,Conv2DBackpropInput
729,Conv2DBackpropFilter,97.262,Conv2DBackpropFilter
730,Add,9.52,
731,ReluGrad,13.92,
732,BNTrainingGrad,696.2139999999999,BNTrainingGrad
733,Conv2DBackpropInput,285.76399999999995,Conv2DBackpropInput
734,Conv2DBackpropFilter,124.862,Conv2DBackpropFilter
735,ReluGrad,8.56,
736,BNTrainingGrad,204.504,BNTrainingGrad
737,Conv2DBackpropInput,461.90899999999993,Conv2DBackpropInput
738,Conv2DBackpropFilter,143.404,Conv2DBackpropFilter
739,ReluGrad,8.46,
740,BNTrainingGrad,204.94400000000002,BNTrainingGrad
741,Conv2DBackpropInput,309.285,Conv2DBackpropInput
742,Conv2DBackpropFilter,98.002,Conv2DBackpropFilter
743,Add,9.52,
744,ReluGrad,14.021,
745,BNTrainingGrad,695.134,BNTrainingGrad
746,Conv2DBackpropInput,285.124,Conv2DBackpropInput
747,Conv2DBackpropFilter,127.683,Conv2DBackpropFilter
748,ReluGrad,8.68,
749,BNTrainingGrad,208.084,BNTrainingGrad
750,Conv2DBackpropInput,462.329,Conv2DBackpropInput
751,Conv2DBackpropFilter,141.982,Conv2DBackpropFilter
752,ReluGrad,9.06,
753,BNTrainingGrad,206.424,BNTrainingGrad
754,Conv2DBackpropInput,306.565,Conv2DBackpropInput
755,Conv2DBackpropFilter,96.941,Conv2DBackpropFilter
756,Add,9.56,
757,ReluGrad,13.86,
758,BNTrainingGrad,695.2339999999999,BNTrainingGrad
759,Conv2DBackpropInput,286.027,Conv2DBackpropInput
760,Conv2DBackpropFilter,124.622,Conv2DBackpropFilter
761,ReluGrad,14.34,
762,BNTrainingGrad,204.584,BNTrainingGrad
763,Conv2DBackpropInput,463.349,Conv2DBackpropInput
764,Conv2DBackpropFilter,142.224,Conv2DBackpropFilter
765,ReluGrad,8.48,
766,BNTrainingGrad,204.484,BNTrainingGrad
767,Conv2DBackpropInput,305.50600000000003,Conv2DBackpropInput
768,Conv2DBackpropFilter,98.862,Conv2DBackpropFilter
769,Add,9.52,
770,ReluGrad,14.08,
771,BNTrainingGrad,694.494,BNTrainingGrad
772,Conv2DBackpropInput,285.20500000000004,Conv2DBackpropInput
773,Conv2DBackpropFilter,124.442,Conv2DBackpropFilter
774,ReluGrad,8.62,
775,BNTrainingGrad,204.38400000000001,BNTrainingGrad
776,Conv2DBackpropInput,461.688,Conv2DBackpropInput
777,Conv2DBackpropFilter,142.522,Conv2DBackpropFilter
778,ReluGrad,8.52,
779,BNTrainingGrad,204.704,BNTrainingGrad
780,Conv2DBackpropInput,309.467,Conv2DBackpropInput
781,Conv2DBackpropFilter,98.882,Conv2DBackpropFilter
782,Add,9.48,
783,ReluGrad,13.86,
784,BNTrainingGrad,695.794,BNTrainingGrad
785,Conv2DBackpropInput,284.54499999999996,Conv2DBackpropInput
786,Conv2DBackpropFilter,127.082,Conv2DBackpropFilter
787,ReluGrad,8.58,
788,BNTrainingGrad,204.644,BNTrainingGrad
789,Conv2DBackpropInput,463.948,Conv2DBackpropInput
790,Conv2DBackpropFilter,144.862,Conv2DBackpropFilter
791,ReluGrad,8.48,
792,BNTrainingGrad,204.224,BNTrainingGrad
793,Conv2DBackpropInput,306.226,Conv2DBackpropInput
794,Conv2DBackpropFilter,98.921,Conv2DBackpropFilter
795,Add,9.62,
796,ReluGrad,14.181,
797,BNTrainingGrad,694.8140000000001,BNTrainingGrad
798,Conv2DBackpropInput,289.385,Conv2DBackpropInput
799,Conv2DBackpropFilter,123.642,Conv2DBackpropFilter
800,ReluGrad,8.6,
801,BNTrainingGrad,204.864,BNTrainingGrad
802,Conv2DBackpropInput,463.469,Conv2DBackpropInput
803,Conv2DBackpropFilter,143.984,Conv2DBackpropFilter
804,ReluGrad,8.52,
805,BNTrainingGrad,204.524,BNTrainingGrad
806,Conv2DBackpropInput,305.946,Conv2DBackpropInput
807,Conv2DBackpropFilter,96.70100000000001,Conv2DBackpropFilter
808,Add,9.48,
809,ReluGrad,14.12,
810,BNTrainingGrad,699.114,BNTrainingGrad
811,Conv2DBackpropInput,285.105,Conv2DBackpropInput
812,Conv2DBackpropFilter,134.64299999999997,Conv2DBackpropFilter
813,ReluGrad,8.6,
814,BNTrainingGrad,204.204,BNTrainingGrad
815,Conv2DBackpropInput,464.30899999999997,Conv2DBackpropInput
816,Conv2DBackpropFilter,143.044,Conv2DBackpropFilter
817,ReluGrad,8.46,
818,BNTrainingGrad,204.184,BNTrainingGrad
819,Conv2DBackpropInput,305.74699999999996,Conv2DBackpropInput
820,Conv2DBackpropFilter,96.801,Conv2DBackpropFilter
821,Add,12.36,
822,ReluGrad,14.08,
823,BNTrainingGrad,694.274,BNTrainingGrad
824,Conv2DBackpropInput,287.56500000000005,Conv2DBackpropInput
825,Conv2DBackpropFilter,125.242,Conv2DBackpropFilter
826,ReluGrad,8.64,
827,BNTrainingGrad,204.12400000000002,BNTrainingGrad
828,Conv2DBackpropInput,461.09,Conv2DBackpropInput
829,Conv2DBackpropFilter,141.28199999999998,Conv2DBackpropFilter
830,ReluGrad,8.48,
831,BNTrainingGrad,205.224,BNTrainingGrad
832,Conv2DBackpropInput,305.126,Conv2DBackpropInput
833,Conv2DBackpropFilter,102.522,Conv2DBackpropFilter
834,Add,9.42,
835,ReluGrad,13.56,
836,BNTrainingGrad,696.094,BNTrainingGrad
837,Conv2DBackpropInput,288.28700000000003,Conv2DBackpropInput
838,Conv2DBackpropFilter,122.882,Conv2DBackpropFilter
839,ReluGrad,8.7,
840,BNTrainingGrad,204.464,BNTrainingGrad
841,Conv2DBackpropInput,463.709,Conv2DBackpropInput
842,Conv2DBackpropFilter,144.743,Conv2DBackpropFilter
843,ReluGrad,8.48,
844,BNTrainingGrad,204.064,BNTrainingGrad
845,Conv2DBackpropInput,308.146,Conv2DBackpropInput
846,Conv2DBackpropFilter,99.36200000000001,Conv2DBackpropFilter
847,Add,9.6,
848,ReluGrad,14.3,
849,BNTrainingGrad,696.7339999999999,BNTrainingGrad
850,Conv2DBackpropInput,287.38500000000005,Conv2DBackpropInput
851,Conv2DBackpropFilter,123.922,Conv2DBackpropFilter
852,ReluGrad,8.62,
853,BNTrainingGrad,203.88400000000001,BNTrainingGrad
854,Conv2DBackpropInput,465.449,Conv2DBackpropInput
855,Conv2DBackpropFilter,142.78300000000002,Conv2DBackpropFilter
856,ReluGrad,8.48,
857,BNTrainingGrad,204.92399999999998,BNTrainingGrad
858,Conv2DBackpropInput,304.987,Conv2DBackpropInput
859,Conv2DBackpropFilter,97.14099999999999,Conv2DBackpropFilter
860,Add,9.5,
861,ReluGrad,13.78,
862,BNTrainingGrad,695.4739999999999,BNTrainingGrad
863,Conv2DBackpropInput,284.76599999999996,Conv2DBackpropInput
864,Conv2DBackpropFilter,125.702,Conv2DBackpropFilter
865,ReluGrad,8.64,
866,BNTrainingGrad,204.64499999999998,BNTrainingGrad
867,Conv2DBackpropInput,461.811,Conv2DBackpropInput
868,Conv2DBackpropFilter,142.942,Conv2DBackpropFilter
869,ReluGrad,8.46,
870,BNTrainingGrad,207.983,BNTrainingGrad
871,Conv2DBackpropInput,306.626,Conv2DBackpropInput
872,Conv2DBackpropFilter,96.422,Conv2DBackpropFilter
873,Add,9.52,
874,ReluGrad,14.1,
875,BNTrainingGrad,701.095,BNTrainingGrad
876,Conv2DBackpropInput,288.406,Conv2DBackpropInput
877,Conv2DBackpropFilter,125.702,Conv2DBackpropFilter
878,ReluGrad,8.64,
879,BNTrainingGrad,204.445,BNTrainingGrad
880,Conv2DBackpropInput,464.12899999999996,Conv2DBackpropInput
881,Conv2DBackpropFilter,141.422,Conv2DBackpropFilter
882,ReluGrad,8.5,
883,BNTrainingGrad,204.523,BNTrainingGrad
884,Conv2DBackpropInput,304.667,Conv2DBackpropInput
885,Conv2DBackpropFilter,105.28200000000001,Conv2DBackpropFilter
886,Add,9.7,
887,ReluGrad,13.64,
888,BNTrainingGrad,694.8140000000001,BNTrainingGrad
889,Conv2DBackpropInput,285.627,Conv2DBackpropInput
890,Conv2DBackpropFilter,123.26200000000001,Conv2DBackpropFilter
891,ReluGrad,8.58,
892,BNTrainingGrad,204.32299999999998,BNTrainingGrad
893,Conv2DBackpropInput,460.648,Conv2DBackpropInput
894,Conv2DBackpropFilter,144.023,Conv2DBackpropFilter
895,ReluGrad,8.54,
896,BNTrainingGrad,205.384,BNTrainingGrad
897,Conv2DBackpropInput,306.88599999999997,Conv2DBackpropInput
898,Conv2DBackpropFilter,98.182,Conv2DBackpropFilter
899,Add,9.52,
900,ReluGrad,13.96,
901,BNTrainingGrad,696.0939999999999,BNTrainingGrad
902,Conv2DBackpropInput,285.686,Conv2DBackpropInput
903,Conv2DBackpropFilter,122.782,Conv2DBackpropFilter
904,ReluGrad,8.6,
905,BNTrainingGrad,204.084,BNTrainingGrad
906,Conv2DBackpropInput,463.09000000000003,Conv2DBackpropInput
907,Conv2DBackpropFilter,145.483,Conv2DBackpropFilter
908,ReluGrad,9.08,
909,BNTrainingGrad,204.62399999999997,BNTrainingGrad
910,Conv2DBackpropInput,305.68600000000004,Conv2DBackpropInput
911,Conv2DBackpropFilter,97.42099999999999,Conv2DBackpropFilter
912,Add,9.56,
913,ReluGrad,13.66,
914,BNTrainingGrad,698.394,BNTrainingGrad
915,Conv2DBackpropInput,286.125,Conv2DBackpropInput
916,Conv2DBackpropFilter,124.222,Conv2DBackpropFilter
917,ReluGrad,8.6,
918,BNTrainingGrad,209.404,BNTrainingGrad
919,Conv2DBackpropInput,468.849,Conv2DBackpropInput
920,Conv2DBackpropFilter,154.802,Conv2DBackpropFilter
921,ReluGrad,8.5,
922,BNTrainingGrad,204.304,BNTrainingGrad
923,Conv2DBackpropInput,306.06600000000003,Conv2DBackpropInput
924,Conv2DBackpropFilter,96.942,Conv2DBackpropFilter
925,Add,9.56,
926,ReluGrad,13.92,
927,BNTrainingGrad,695.814,BNTrainingGrad
928,Conv2DBackpropInput,290.345,Conv2DBackpropInput
929,Conv2DBackpropFilter,124.942,Conv2DBackpropFilter
930,ReluGrad,14.4,
931,BNTrainingGrad,203.804,BNTrainingGrad
932,Conv2DBackpropInput,463.06899999999996,Conv2DBackpropInput
933,Conv2DBackpropFilter,140.903,Conv2DBackpropFilter
934,ReluGrad,8.64,
935,BNTrainingGrad,204.624,BNTrainingGrad
936,Conv2DBackpropInput,305.206,Conv2DBackpropInput
937,Conv2DBackpropFilter,98.202,Conv2DBackpropFilter
938,Add,9.46,
939,ReluGrad,14.1,
940,BNTrainingGrad,696.014,BNTrainingGrad
941,Conv2DBackpropInput,284.986,Conv2DBackpropInput
942,Conv2DBackpropFilter,123.64200000000001,Conv2DBackpropFilter
943,ReluGrad,8.6,
944,BNTrainingGrad,205.084,BNTrainingGrad
945,Conv2DBackpropInput,461.82800000000003,Conv2DBackpropInput
946,Conv2DBackpropFilter,142.16299999999995,Conv2DBackpropFilter
947,ReluGrad,8.46,
948,BNTrainingGrad,205.424,BNTrainingGrad
949,Conv2DBackpropInput,305.48699999999997,Conv2DBackpropInput
950,Conv2DBackpropFilter,96.841,Conv2DBackpropFilter
951,Add,9.48,
952,ReluGrad,13.98,
953,BNTrainingGrad,695.374,BNTrainingGrad
954,Conv2DBackpropInput,285.985,Conv2DBackpropInput
955,Conv2DBackpropFilter,122.94200000000001,Conv2DBackpropFilter
956,ReluGrad,8.6,
957,BNTrainingGrad,204.06400000000002,BNTrainingGrad
958,Conv2DBackpropInput,462.789,Conv2DBackpropInput
959,Conv2DBackpropFilter,142.642,Conv2DBackpropFilter
960,ReluGrad,8.52,
961,BNTrainingGrad,208.94400000000002,BNTrainingGrad
962,Conv2DBackpropInput,305.58599999999996,Conv2DBackpropInput
963,Conv2DBackpropFilter,106.401,Conv2DBackpropFilter
964,Add,9.62,
965,ReluGrad,13.9,
966,BNTrainingGrad,696.454,BNTrainingGrad
967,Conv2DBackpropInput,284.785,Conv2DBackpropInput
968,Conv2DBackpropFilter,123.10199999999999,Conv2DBackpropFilter
969,ReluGrad,8.54,
970,BNTrainingGrad,204.94400000000002,BNTrainingGrad
971,Conv2DBackpropInput,462.408,Conv2DBackpropInput
972,Conv2DBackpropFilter,142.962,Conv2DBackpropFilter
973,ReluGrad,8.62,
974,BNTrainingGrad,204.14299999999997,BNTrainingGrad
975,Conv2DBackpropInput,305.287,Conv2DBackpropInput
976,Conv2DBackpropFilter,97.78099999999999,Conv2DBackpropFilter
977,Add,9.54,
978,ReluGrad,14.02,
979,BNTrainingGrad,695.534,BNTrainingGrad
980,Conv2DBackpropInput,284.906,Conv2DBackpropInput
981,Conv2DBackpropFilter,125.88199999999999,Conv2DBackpropFilter
982,ReluGrad,8.56,
983,BNTrainingGrad,204.10500000000002,BNTrainingGrad
984,Conv2DBackpropInput,461.909,Conv2DBackpropInput
985,Conv2DBackpropFilter,142.603,Conv2DBackpropFilter
986,ReluGrad,8.46,
987,BNTrainingGrad,204.643,BNTrainingGrad
988,Conv2DBackpropInput,306.367,Conv2DBackpropInput
989,Conv2DBackpropFilter,100.56099999999999,Conv2DBackpropFilter
990,Add,9.44,
991,ReluGrad,13.94,
992,BNTrainingGrad,695.134,BNTrainingGrad
993,Conv2DBackpropInput,283.565,Conv2DBackpropInput
994,Conv2DBackpropFilter,125.342,Conv2DBackpropFilter
995,ReluGrad,8.64,
996,BNTrainingGrad,204.084,BNTrainingGrad
997,Conv2DBackpropInput,461.26899999999995,Conv2DBackpropInput
998,Conv2DBackpropFilter,145.443,Conv2DBackpropFilter
999,ReluGrad,8.68,
1000,BNTrainingGrad,204.38400000000001,BNTrainingGrad
1001,Conv2DBackpropInput,305.525,Conv2DBackpropInput
1002,Conv2DBackpropFilter,97.50099999999999,Conv2DBackpropFilter
1003,Add,9.58,
1004,ReluGrad,13.96,
1005,BNTrainingGrad,695.614,BNTrainingGrad
1006,Conv2DBackpropInput,290.566,Conv2DBackpropInput
1007,Conv2DBackpropFilter,124.482,Conv2DBackpropFilter
1008,ReluGrad,8.58,
1009,BNTrainingGrad,204.263,BNTrainingGrad
1010,Conv2DBackpropInput,461.32899999999995,Conv2DBackpropInput
1011,Conv2DBackpropFilter,148.083,Conv2DBackpropFilter
1012,ReluGrad,8.52,
1013,BNTrainingGrad,204.824,BNTrainingGrad
1014,Conv2DBackpropInput,304.926,Conv2DBackpropInput
1015,Conv2DBackpropFilter,97.221,Conv2DBackpropFilter
1016,Add,9.52,
1017,ReluGrad,13.02,
1018,BNTrainingGrad,697.034,BNTrainingGrad
1019,Conv2DBackpropInput,508.55100000000004,Conv2DBackpropInput
1020,Conv2DBackpropFilter,138.28199999999998,Conv2DBackpropFilter
1021,BNTrainingGrad,694.395,BNTrainingGrad
1022,Conv2DBackpropInput,288.126,Conv2DBackpropInput
1023,Conv2DBackpropFilter,123.562,Conv2DBackpropFilter
1024,ReluGrad,8.78,
1025,BNTrainingGrad,204.684,BNTrainingGrad
1026,Conv2DBackpropInput,462.26800000000003,Conv2DBackpropInput
1027,Conv2DBackpropFilter,141.683,Conv2DBackpropFilter
1028,ReluGrad,13.92,
1029,BNTrainingGrad,209.565,BNTrainingGrad
1030,Conv2DBackpropInput,197.785,Conv2DBackpropInput
1031,Conv2DBackpropFilter,66.88199999999999,Conv2DBackpropFilter
1032,Add,11.92,
1033,ReluGrad,16.64,
1034,BNTrainingGrad,395.008,BNTrainingGrad
1035,TransData,13.3,
1036,TransData,33.241,
1037,Conv2DBackpropInput,82.502,
1038,TransData,13.12,
1039,TransData,10.38,
1040,TransData,26.861,
1041,MemSet,10.02,
1042,Conv2DBackpropFilter,14.4,
1043,TransData,9.08,
1044,ReluGrad,12.44,
1045,BNTrainingGrad,113.762,BNTrainingGrad
1046,Conv2DBackpropInput,171.34300000000002,Conv2DBackpropInput
1047,Conv2DBackpropFilter,71.581,Conv2DBackpropFilter
1048,ReluGrad,12.38,
1049,BNTrainingGrad,113.22200000000001,BNTrainingGrad
1050,TransData,7.34,
1051,TransData,16.761,
1052,Conv2DBackpropInput,55.501,
1053,TransData,31.401,
1054,TransData,30.601,
1055,TransData,9.66,
1056,MemSet,9.94,
1057,Conv2DBackpropFilter,14.82,
1058,TransData,4.86,
1059,Add,11.44,
1060,ReluGrad,16.66,
1061,BNTrainingGrad,397.188,BNTrainingGrad
1062,TransData,13.361,
1063,TransData,33.06,
1064,Conv2DBackpropInput,82.602,
1065,TransData,13.86,
1066,TransData,10.94,
1067,TransData,27.721,
1068,MemSet,19.7,
1069,Conv2DBackpropFilter,15.601,
1070,TransData,9.14,
1071,ReluGrad,12.2,
1072,BNTrainingGrad,113.382,BNTrainingGrad
1073,Conv2DBackpropInput,169.56300000000002,Conv2DBackpropInput
1074,Conv2DBackpropFilter,70.661,Conv2DBackpropFilter
1075,ReluGrad,12.1,
1076,BNTrainingGrad,113.22200000000001,BNTrainingGrad
1077,TransData,7.02,
1078,TransData,16.881,
1079,Conv2DBackpropInput,55.261,
1080,TransData,31.441,
1081,TransData,29.78,
1082,TransData,9.32,
1083,MemSet,11.2,
1084,Conv2DBackpropFilter,15.66,
1085,TransData,4.86,
1086,Add,14.421,
1087,ReluGrad,16.84,
1088,BNTrainingGrad,394.048,BNTrainingGrad
1089,TransData,13.7,
1090,TransData,33.12,
1091,Conv2DBackpropInput,81.702,
1092,TransData,13.68,
1093,TransData,11.3,
1094,TransData,26.84,
1095,MemSet,9.5,
1096,Conv2DBackpropFilter,15.36,
1097,TransData,9.6,
1098,ReluGrad,12.24,
1099,BNTrainingGrad,114.042,BNTrainingGrad
1100,Conv2DBackpropInput,170.02200000000002,Conv2DBackpropInput
1101,Conv2DBackpropFilter,73.841,Conv2DBackpropFilter
1102,ReluGrad,12.48,
1103,BNTrainingGrad,112.52199999999999,BNTrainingGrad
1104,TransData,7.12,
1105,TransData,16.76,
1106,Conv2DBackpropInput,54.741,
1107,TransData,31.62,
1108,TransData,30.741,
1109,TransData,9.4,
1110,MemSet,9.04,
1111,Conv2DBackpropFilter,15.04,
1112,TransData,4.82,
1113,Add,11.54,
1114,ReluGrad,16.62,
1115,BNTrainingGrad,394.428,BNTrainingGrad
1116,TransData,13.64,
1117,TransData,32.62,
1118,Conv2DBackpropInput,81.742,
1119,TransData,13.6,
1120,TransData,11.2,
1121,TransData,27.18,
1122,MemSet,9.68,
1123,Conv2DBackpropFilter,14.94,
1124,TransData,9.12,
1125,ReluGrad,12.34,
1126,BNTrainingGrad,114.042,BNTrainingGrad
1127,Conv2DBackpropInput,168.78300000000002,Conv2DBackpropInput
1128,Conv2DBackpropFilter,72.122,Conv2DBackpropFilter
1129,ReluGrad,12.26,
1130,BNTrainingGrad,112.34200000000001,BNTrainingGrad
1131,TransData,7.14,
1132,TransData,16.54,
1133,Conv2DBackpropInput,55.521,
1134,TransData,36.961,
1135,TransData,30.041,
1136,TransData,10.28,
1137,MemSet,9.9,
1138,Conv2DBackpropFilter,15.28,
1139,TransData,4.88,
1140,Add,11.48,
1141,ReluGrad,17.12,
1142,BNTrainingGrad,396.048,BNTrainingGrad
1143,TransData,17.1,
1144,TransData,33.061,
1145,Conv2DBackpropInput,82.222,
1146,TransData,13.64,
1147,TransData,10.48,
1148,TransData,27.381,
1149,MemSet,10.02,
1150,Conv2DBackpropFilter,14.421,
1151,TransData,9.2,
1152,ReluGrad,12.12,
1153,BNTrainingGrad,117.22200000000001,BNTrainingGrad
1154,Conv2DBackpropInput,166.483,Conv2DBackpropInput
1155,Conv2DBackpropFilter,81.801,Conv2DBackpropFilter
1156,ReluGrad,11.58,
1157,BNTrainingGrad,112.582,BNTrainingGrad
1158,TransData,7.1,
1159,TransData,16.96,
1160,Conv2DBackpropInput,55.661,
1161,TransData,31.481,
1162,TransData,32.461,
1163,TransData,9.86,
1164,MemSet,9.94,
1165,Conv2DBackpropFilter,14.52,
1166,TransData,4.88,
1167,Add,11.64,
1168,ReluGrad,16.84,
1169,BNTrainingGrad,392.568,BNTrainingGrad
1170,TransData,13.72,
1171,TransData,33.081,
1172,Conv2DBackpropInput,82.001,
1173,TransData,14.0,
1174,TransData,11.44,
1175,TransData,27.161,
1176,MemSet,9.66,
1177,Conv2DBackpropFilter,14.98,
1178,TransData,9.54,
1179,ReluGrad,12.36,
1180,BNTrainingGrad,113.922,BNTrainingGrad
1181,Conv2DBackpropInput,168.402,Conv2DBackpropInput
1182,Conv2DBackpropFilter,70.161,Conv2DBackpropFilter
1183,ReluGrad,11.88,
1184,BNTrainingGrad,113.583,BNTrainingGrad
1185,TransData,5.38,
1186,TransData,16.58,
1187,Conv2DBackpropInput,55.901,
1188,TransData,31.901,
1189,TransData,31.301,
1190,TransData,9.9,
1191,MemSet,11.38,
1192,Conv2DBackpropFilter,16.08,
1193,TransData,4.88,
1194,Add,11.6,
1195,ReluGrad,16.46,
1196,BNTrainingGrad,394.768,BNTrainingGrad
1197,TransData,13.4,
1198,TransData,32.121,
1199,Conv2DBackpropInput,81.882,
1200,TransData,13.76,
1201,TransData,10.48,
1202,TransData,26.86,
1203,MemSet,9.2,
1204,Conv2DBackpropFilter,15.06,
1205,TransData,9.18,
1206,ReluGrad,12.56,
1207,BNTrainingGrad,113.962,BNTrainingGrad
1208,Conv2DBackpropInput,170.20299999999997,Conv2DBackpropInput
1209,Conv2DBackpropFilter,78.701,Conv2DBackpropFilter
1210,ReluGrad,12.38,
1211,BNTrainingGrad,113.282,BNTrainingGrad
1212,TransData,7.22,
1213,TransData,17.7,
1214,Conv2DBackpropInput,54.881,
1215,TransData,31.041,
1216,TransData,30.761,
1217,TransData,9.54,
1218,MemSet,9.52,
1219,Conv2DBackpropFilter,14.98,
1220,TransData,4.9,
1221,Add,11.52,
1222,ReluGrad,16.82,
1223,BNTrainingGrad,394.74800000000005,BNTrainingGrad
1224,Conv2DBackpropInput,216.064,Conv2DBackpropInput
1225,Conv2DBackpropFilter,79.70199999999998,Conv2DBackpropFilter
1226,BNTrainingGrad,393.22799999999995,BNTrainingGrad
1227,TransData,13.58,
1228,TransData,33.16,
1229,Conv2DBackpropInput,82.682,
1230,TransData,14.36,
1231,TransData,10.96,
1232,TransData,26.601,
1233,MemSet,9.36,
1234,Conv2DBackpropFilter,15.06,
1235,TransData,9.08,
1236,ReluGrad,12.02,
1237,BNTrainingGrad,113.602,BNTrainingGrad
1238,Conv2DBackpropInput,203.32299999999998,Conv2DBackpropInput
1239,Conv2DBackpropFilter,73.402,Conv2DBackpropFilter
1240,ReluGrad,16.401,
1241,BNTrainingGrad,170.904,BNTrainingGrad
1242,TransData,5.74,
1243,TransData,17.54,
1244,Conv2DBackpropInput,30.921,
1245,TransData,21.96,
1246,TransData,17.84,
1247,TransData,11.62,
1248,MemSet,9.7,
1249,Conv2DBackpropFilter,21.16,
1250,TransData,4.58,
1251,Add,15.82,
1252,ReluGrad,22.16,
1253,BNTrainingGrad,287.865,BNTrainingGrad
1254,TransData,11.12,
1255,TransData,23.84,
1256,Conv2DBackpropInput,44.921,
1257,TransData,11.58,
1258,TransData,13.74,
1259,TransData,16.88,
1260,MemSet,9.44,
1261,Conv2DBackpropFilter,13.26,
1262,TransData,7.56,
1263,ReluGrad,14.06,
1264,BNTrainingGrad,94.922,BNTrainingGrad
1265,TransData,13.62,
1266,TransData,14.42,
1267,Conv2DBackpropInput,51.381,
1268,TransData,11.44,
1269,TransData,10.7,
1270,TransData,8.52,
1271,MemSet,10.66,
1272,Conv2DBackpropFilter,22.581,
1273,TransData,14.06,
1274,ReluGrad,13.76,
1275,BNTrainingGrad,95.862,BNTrainingGrad
1276,TransData,4.22,
1277,TransData,15.02,
1278,Conv2DBackpropInput,21.581,
1279,TransData,22.28,
1280,TransData,29.201,
1281,TransData,10.36,
1282,MemSet,9.44,
1283,Conv2DBackpropFilter,14.0,
1284,TransData,3.2,
1285,Add,15.62,
1286,ReluGrad,22.12,
1287,BNTrainingGrad,291.187,BNTrainingGrad
1288,TransData,10.74,
1289,TransData,24.64,
1290,Conv2DBackpropInput,46.081,
1291,TransData,10.98,
1292,TransData,15.64,
1293,TransData,17.541,
1294,MemSet,10.74,
1295,Conv2DBackpropFilter,13.82,
1296,TransData,7.54,
1297,ReluGrad,14.001,
1298,BNTrainingGrad,94.262,BNTrainingGrad
1299,TransData,13.48,
1300,TransData,14.98,
1301,Conv2DBackpropInput,48.461,
1302,TransData,11.28,
1303,TransData,11.08,
1304,TransData,8.56,
1305,MemSet,9.32,
1306,Conv2DBackpropFilter,22.18,
1307,TransData,11.6,
1308,ReluGrad,13.8,
1309,BNTrainingGrad,95.382,BNTrainingGrad
1310,TransData,4.16,
1311,TransData,14.72,
1312,Conv2DBackpropInput,22.34,
1313,TransData,21.541,
1314,TransData,32.221,
1315,TransData,10.78,
1316,MemSet,10.86,
1317,Conv2DBackpropFilter,14.46,
1318,TransData,3.2,
1319,Add,15.6,
1320,ReluGrad,21.221,
1321,BNTrainingGrad,289.426,BNTrainingGrad
1322,TransData,11.08,
1323,TransData,24.421,
1324,Conv2DBackpropInput,45.441,
1325,TransData,14.82,
1326,TransData,17.46,
1327,TransData,17.2,
1328,MemSet,9.84,
1329,Conv2DBackpropFilter,13.78,
1330,TransData,7.54,
1331,BNTrainingGrad,287.786,BNTrainingGrad
1332,TransData,12.12,
1333,TransData,24.5,
1334,Conv2DBackpropInput,45.561,
1335,TransData,11.06,
1336,TransData,16.82,
1337,TransData,17.86,
1338,MemSet,10.96,
1339,Conv2DBackpropFilter,13.42,
1340,TransData,7.48,
1341,ReluGrad,13.68,
1342,BNTrainingGrad,94.321,BNTrainingGrad
1343,TransData,15.48,
1344,TransData,14.42,
1345,Conv2DBackpropInput,49.161,
1346,TransData,11.101,
1347,TransData,10.98,
1348,TransData,8.84,
1349,MemSet,10.12,
1350,Conv2DBackpropFilter,22.421,
1351,TransData,11.66,
1352,ReluGrad,13.82,
1353,BNTrainingGrad,95.182,BNTrainingGrad
1354,TransData,4.16,
1355,TransData,14.46,
1356,Conv2DBackpropInput,19.62,
1357,TransData,11.52,
1358,TransData,9.94,
1359,TransData,8.8,
1360,MemSet,10.86,
1361,Conv2DBackpropFilter,10.74,
1362,TransData,3.06,
1363,Add,9.64,
1364,MaxPoolGradWithArgmaxV1,284.185,MaxPoolGradWithArgmaxV1
1365,TransData,24.16,
1366,ReluGrad,22.241,
1367,BNTrainingGrad,165.96300000000002,BNTrainingGrad
1368,TransData,17.78,
1369,TransData,14.06,
1370,MemSet,9.7,
1371,Conv2DBackpropFilter,60.561,
1372,TransData,12.54,
